id,Domain,Status,Attractiveness,Demand,Length,Registrar,Created,Expires
c3e0ea79-aa0a-4a22-a73d-35e06527d5a3,operations.at,sold,58,88,10,Vautron Rechenzentrum AG ( https://nic.at/registrar/610 ),,
ec637588-9d30-4439-8000-1780fee31c30,operations.cloud,premium,58,88,10,,,
bd84e4ec-4ae7-4014-abef-9201df5e7994,operations.co,expiring,58,88,10,"NameSilo, LLC",20/07/2010 18:11,19/07/2025 23:59
1d7ef473-6b5e-4f6f-914a-3ac1303bc618,operations.it,resell,58,88,10,,28/12/2016 09:00,28/12/2025 00:00
08d642eb-8fb9-47fe-801e-8d41678c76bc,operations.space,premium,58,88,10,,,
f97d55fa-c8c4-4660-9fbf-b72f49a8a45f,operations.tech,premium,58,88,10,,,
ef33908f-4824-4330-8704-ef55f4de37ea,operations.xyz,resell,58,88,10,"Spaceship, Inc.",02/06/2014 18:31,02/06/2026 23:59
b0bcdca5-25cc-466a-b5a4-b881744fdece,operations.zone,expiring,58,88,10,RegistryGate GmbH,15/07/2024 10:36,15/07/2025 10:36
b77339d2-83ba-4e67-ac72-f90415841a88,defense.co,expiring,70,88,7,InternetX GmbH,20/07/2010 18:00,19/07/2025 23:59
fbc01b01-608f-49bb-8e9e-4feb5f7c4b02,defense.it,resell,70,88,7,,03/05/2000 00:00,04/09/2025 00:00
c168569d-0a8c-4991-9e0f-257e0dee5d73,defense.pro,resell,70,88,7,"GoDaddy.com, LLC",13/12/2007 00:00,13/12/2025 00:00
c5370590-0cf7-4045-aeec-c2ca87fa105b,defense.site,premium,70,88,7,,,
1d53b0ca-8a2d-4693-9d41-91d490b64a0d,defense.so,expiring,70,88,7,soNIC Reserved,19/01/2011 00:00,10/07/2025 00:00
e45c1867-b863-4c55-8ca4-6c83b79fdfd0,defense.xyz,resell,70,88,7,Dynadot LLC,18/08/2020 08:17,18/08/2030 23:59
d6cc6987-3649-44a7-8a8e-88f7f27a6490,security.at,premium,70,88,8,,,
0a76f5e9-e021-4385-91f6-1fea3b85e98b,security.cloud,premium,70,88,8,,,
4be75790-d104-46c8-ba91-9bc46af54d07,security.co,resell,70,88,8,Dynadot Inc,24/02/2010 22:36,23/02/2026 23:59
4bb5f2c7-89f3-453f-837c-5115993e5419,security.gg,resell,70,88,8,Enrapture Limited (https://enrapture.gg),,
c3ebaa3d-64a7-4fc9-a7b1-e26713b96681,security.online,premium,70,88,8,,,
74b7c158-38b1-4090-853e-41275033f4bf,security.pro,premium,70,88,8,,,
206c826f-ba7f-46d2-b762-ff91f659b21d,security.site,premium,70,88,8,,,
868686d1-59f7-4749-8907-03f1af6986d6,security.space,premium,70,88,8,,,
cca28a89-cc9f-497d-a80f-9927ba151887,security.store,premium,70,88,8,,,
00b0d917-5f44-4ab9-9a24-ef5c424fbf01,security.tech,expiring,70,88,8,Squarespace Domains II LLC,25/07/2022 15:50,25/07/2025 23:59
c35196fd-7b3d-4a36-a823-32afef5e833f,deterrence.app,available,60,80,10,,,
a55165af-801a-4cef-a92e-4c5e4f94583b,deterrence.at,available,60,80,10,,,
e05279ee-0877-450c-9bbc-74a63042ef5f,deterrence.cloud,available,60,80,10,,,
67f818fa-33f9-4501-af8f-7942d568eaba,deterrence.co,premium,60,80,10,,,
f3846499-39e0-4678-aa32-c2a5b8df39a9,deterrence.dev,available,60,80,10,,,
53da402d-6295-4dd3-aaae-3b93d26c7aba,deterrence.expert,available,60,80,10,,,
5c014051-230d-4a7d-8dde-2dd5267c09a9,deterrence.gg,available,60,80,10,,,
e49fbc1f-a154-474e-ae55-32ac4d6fe09a,deterrence.me,available,60,80,10,,,
1e75b36d-aee3-4768-b359-720db37bd00b,deterrence.ninja,available,60,80,10,,,
047e23d7-cd2b-41f9-9f86-196e94589324,deterrence.online,available,60,80,10,,,
0944719c-b34e-455d-bc36-7d1802ab06e7,deterrence.pro,available,60,80,10,,,
d3c17c6a-44bd-4684-8ee8-f9e47b398e44,deterrence.site,available,60,80,10,,,
09aac2a7-e38d-4d10-bfe4-543389adbb11,deterrence.so,available,60,80,10,,,
24dcfb4a-8781-40fd-8734-45b341afcf10,deterrence.store,premium,60,80,10,,,
44f40900-cd81-416c-a161-842d9d0fd580,deterrence.tech,premium,60,80,10,,,
1d77987c-3a71-47d9-888e-3d5b7370d671,deterrence.xyz,resell,60,80,10,"Unstoppable Domains, Inc.",26/02/2025 10:31,26/02/2026 23:59
d28718cd-58f8-48b4-acd1-feed3cdbcbf1,deterrence.zone,available,60,80,10,,,
5a0e6001-ce78-4551-8173-68a536c03d4d,armedforces.app,available,50,80,12,,,
6c9dfb1d-859c-4dd2-af2d-3630f16fa3dc,armedforces.at,sold,50,80,12,dogado GmbH ( https://nic.at/registrar/622 ),,
33bc8413-65f1-440e-9ece-ea2f7ea24df8,armedforces.cloud,resell,50,80,12,GoDaddy,16/02/2016 15:00,16/02/2026 15:00
27351d9b-3b52-4098-86a1-caba92aefb11,armedforces.co,available,50,80,12,,,
8ca99571-d00b-4e38-a8a2-4c11b4cb4d31,armedforces.dev,available,50,80,12,,,
3bf4a984-8680-4610-a7bc-7076f70116a3,armedforces.expert,available,50,80,12,,,
9e23f9d9-cc48-4100-8b8e-d8072ee7daa4,armedforces.gg,available,50,80,12,,,
c288f3ab-7720-41c4-9b64-807e62a9c1c5,armedforces.me,available,50,80,12,,,
783bc835-5a2e-4636-b541-2b2fe691daae,armedforces.ninja,available,50,80,12,,,
ab7148b7-6f6a-44f6-8511-4af69248e003,armedforces.online,available,50,80,12,,,
0a26046b-4c15-45ac-a438-38a4933ccf72,armedforces.pro,available,50,80,12,,,
a952bc80-756b-4ba3-8762-469ba0493e16,armedforces.site,available,50,80,12,,,
79a8d06f-d4ea-4c57-82a5-6440c378f43a,armedforces.so,available,50,80,12,,,
cc40fa12-ca4c-4c8d-8100-d4dcbf7439f0,armedforces.space,available,50,80,12,,,
86578e12-7313-4935-a34b-8de2b9ee4abc,armedforces.store,premium,50,80,12,,,
67c3dcae-3aaa-4f7d-b050-156a9c8b40ec,armedforces.tech,available,50,80,12,,,
8f74148f-fc5e-4a15-93bb-d0bd835723f4,armedforces.xyz,premium,50,80,12,,,
3cb350bb-9f33-4205-95b0-84996b3248c5,armedforces.zone,available,50,80,12,,,
de1deb83-ae3f-47d7-afbc-e63b193930ac,warfighting.ai,resell,,72,11,"GoDaddy.com, LLC",19/06/2025 13:11,19/06/2027 13:11
973670d1-a973-49e9-b821-05b7c03286ac,warfighting.app,available,,72,11,,,
164d3920-8fba-4794-b8aa-61e32691110b,warfighting.at,available,,72,11,,,
94e7e92f-7558-4b5a-82cc-f50a2c8fc8b2,warfighting.cloud,available,,72,11,,,
1379db8d-601e-4021-a729-0fea7f9ca7e1,warfighting.co,available,,72,11,,,
fb6d4a62-fbf4-47af-ba2b-563cc4768aba,warfighting.dev,available,,72,11,,,
fba54676-a241-4d5d-84e8-44e588012f6c,warfighting.expert,available,,72,11,,,
d57e7511-87d5-4f20-91af-ceb4b2a60344,warfighting.gg,available,,72,11,,,
38bb4fff-eb36-4fad-af23-5860c6c59380,warfighting.io,available,,72,11,,,
7fd6d718-3277-4a55-975d-1901765bac34,warfighting.me,available,,72,11,,,
44a844f5-8542-4ab5-a978-86231cae7a64,warfighting.net,available,,72,11,,,
971a39e4-6827-40cd-9b41-76a907d63313,warfighting.ninja,available,,72,11,,,
d047c43a-c9d2-438d-83cb-9afaf344f834,warfighting.online,available,,72,11,,,
51560837-83c3-4876-8cb0-f81bd40e0eec,warfighting.org,available,,72,11,,,
7bdaa5a8-8444-4ed9-9929-8dca5363bec2,warfighting.pro,available,,72,11,,,
39159904-5454-4f51-98a3-7fb04b94d160,warfighting.site,available,,72,11,,,
921b20b8-d3b4-433c-b6b4-14a2baa64fb4,warfighting.so,available,,72,11,,,
0d795a63-830c-4ce8-9b4f-1f1e90d9db52,warfighting.space,available,,72,11,,,
7b992d6f-2b52-4650-bb53-9acbb53a7a4f,warfighting.store,available,,72,11,,,
9f4a4a3a-f46f-4759-ad8f-dea1374ced1f,warfighting.tech,available,,72,11,,,
563571ed-ac87-40d5-8631-fab42ae0451c,warfighting.us,expiring,,72,11,TLD Registrar Solutions Ltd.,25/07/2024 18:09,25/07/2025 18:09
4be3528a-14d6-49c5-9214-beefb8e90f13,warfighting.xyz,available,,72,11,,,
fa22e1b3-4606-4838-a079-0acff4ee84e5,warfighting.zone,available,,72,11,,,
bb053145-bb37-45d7-a437-34c84be8fd04,peacekeeping.ai,available,,72,12,,,
eee7b3f4-ee8c-4153-ad6d-8959b36fce38,peacekeeping.app,available,,72,12,,,
551ad1b1-c8ca-467e-bdce-d0410d6e5b1a,peacekeeping.at,available,,72,12,,,
e5859820-c7db-45f0-841f-69ad49e96106,peacekeeping.cloud,available,,72,12,,,
6f367e47-669e-43c1-95f7-0abe861e77fa,peacekeeping.co,expiring,,72,12,Sav.com LLC,25/07/2024 11:12,25/07/2025 11:12
45ccdb28-3219-4cbb-8614-b5c182ef7b9c,peacekeeping.dev,available,,72,12,,,
9a72ef02-4963-4803-b7e3-c9cd1df528d5,peacekeeping.expert,available,,72,12,,,
13d544fb-b3b5-4479-ab13-2d139ddc9f08,peacekeeping.gg,available,,72,12,,,
72fae075-82ae-4cbf-bdfe-97f5f87b9d14,peacekeeping.io,available,,72,12,,,
199a0dd7-4e11-4096-ab62-4cdabdeb6a30,peacekeeping.it,expiring,,72,12,,03/09/2019 09:00,01/08/2025 00:00
34278102-b893-4c6d-af49-42eae3a0cb41,peacekeeping.me,available,,72,12,,,
43bc9c92-45c1-45fd-937d-9f1172571945,peacekeeping.ninja,available,,72,12,,,
48a4aac1-4c14-4664-a978-0d7a1ead2248,peacekeeping.online,premium,,72,12,,,
f3609be9-4d37-4547-93af-621cdd25c1b5,peacekeeping.pro,available,,72,12,,,
79d346f5-b7ab-403f-ae04-c18204e52945,peacekeeping.site,premium,,72,12,,,
52676627-f4be-4b3c-82d8-f340c355cdcb,peacekeeping.so,available,,72,12,,,
80c25fc0-faaa-4453-9614-0de6c1a0187a,peacekeeping.space,premium,,72,12,,,
9338c5c6-4431-4565-9693-b5f2982adb5e,peacekeeping.store,premium,,72,12,,,
8d64a445-1b03-4179-9611-ff9f6cd68d51,peacekeeping.tech,premium,,72,12,,,
b505c785-c481-495d-a40b-e77fe6117a07,peacekeeping.zone,available,,72,12,,,
4bd5200b-0cf1-4d94-8778-23cfa79bc3de,jointoperations.ai,available,56,24,16,,,
a6455b67-a318-47d8-b9b7-e8cabefea862,jointoperations.app,available,56,24,16,,,
87edd46d-016e-4c36-8bb0-4eba1d3b597a,jointoperations.cloud,available,56,24,16,,,
bac873e9-2e9a-42d7-8105-f927539d6e66,jointoperations.co,available,56,24,16,,,
2d3c4846-4adc-47b7-a382-325460cab6bf,jointoperations.dev,available,56,24,16,,,
3a686c7d-f70d-496b-bf0e-47b5d73856d3,jointoperations.expert,available,56,24,16,,,
629f50e8-4f78-4514-beec-0920d13c0fff,jointoperations.gg,available,56,24,16,,,
4845dfec-bcf1-400a-ab4e-db7fe660f3d4,jointoperations.io,available,56,24,16,,,
d08fecbc-e30e-438d-a57a-152321d4c0bf,jointoperations.me,available,56,24,16,,,
963f2179-78c7-4235-bf30-9ec27ddf37a6,jointoperations.ninja,available,56,24,16,,,
c9d11a37-934f-4c71-b68b-039abfda66be,jointoperations.online,available,56,24,16,,,
858d69aa-9fbe-48fa-aec1-a5cd095edb8b,jointoperations.pro,premium,56,24,16,,,
22c7380c-1566-47c0-b1e7-86c5c0316376,jointoperations.so,available,56,24,16,,,
e712c5bf-c36f-492a-90b1-9f2aab0a8c6a,jointoperations.space,available,56,24,16,,,
c02230ef-6931-46aa-9691-f3010cd3fe21,jointoperations.store,available,56,24,16,,,
b36071c3-ad7d-474c-9291-23b1c33a1c2e,jointoperations.tech,available,56,24,16,,,
6ccaa8fa-07c3-4edf-b565-525bd15525ab,jointoperations.us,available,56,24,16,,,
fb02f79b-c95e-40d9-8522-bb0dd645690f,jointoperations.xyz,available,56,24,16,,,
1fe6b34e-f0b7-4aed-abe2-7cbc1d957b78,jointoperations.zone,available,56,24,16,,,
d6b1ed16-4741-4c4d-a110-18ab735c030c,airoperations.ai,available,46,8,14,,,
fce958c5-b202-4e31-8b2c-f50e81b55efd,airoperations.app,available,46,8,14,,,
ef8015f1-eedd-4b07-9286-84439dbb62b7,airoperations.at,available,46,8,14,,,
651cde67-377b-4a1c-836c-88a5ee7f1dae,airoperations.cloud,available,46,8,14,,,
3dc6a9c3-162d-4152-8cc8-06441acceb6f,airoperations.co,available,46,8,14,,,
07840232-cca4-4626-bedd-54d129cebfb0,airoperations.dev,available,46,8,14,,,
c57927b2-c6ec-450a-88a4-d5abcd230d0a,airoperations.expert,available,46,8,14,,,
cd9b1c52-2468-4f24-a5ab-f52033b62df6,airoperations.gg,available,46,8,14,,,
39756809-23ea-4984-b626-825931c7da80,airoperations.io,available,46,8,14,,,
889826c1-b91d-4eca-a8b0-ea46981d09e5,airoperations.me,available,46,8,14,,,
cf51f24a-db5f-4f09-966e-f5efde6e2032,airoperations.net,available,46,8,14,,,
2109eef3-db14-4784-838d-a64d8d8e14fc,airoperations.ninja,available,46,8,14,,,
f4a1462d-9017-46e2-84b0-900b77ad7b31,airoperations.online,available,46,8,14,,,
4d0acf81-b4ac-4283-a4be-242a80b9bbd7,airoperations.org,available,46,8,14,,,
76ebb7b2-a200-4a5d-acfe-a7ef70fff11d,airoperations.pro,available,46,8,14,,,
7ceb1006-9e9b-4dde-ad2f-adcb0b15bb46,airoperations.site,available,46,8,14,,,
a043df0f-a9b8-4b4e-83ee-b49d442864ad,airoperations.so,available,46,8,14,,,
a3f9896d-5a52-44af-9c71-1557fb106656,airoperations.space,available,46,8,14,,,
07b59091-e77f-440a-89d5-088ff837c14b,airoperations.store,available,46,8,14,,,
d25b8aa2-5e14-4834-8cba-d9593b33605d,airoperations.tech,available,46,8,14,,,
aec9bb04-4cd5-43a4-b12d-7c33769d9f4b,airoperations.us,available,46,8,14,,,
149704fb-d2bb-4991-b267-ee85342521df,airoperations.xyz,available,46,8,14,,,
47470862-8ca6-456b-910e-668103f64c84,airoperations.zone,available,46,8,14,,,
3f70615a-44d6-4581-a2f7-317d5c2122ef,intelligence.at,available,80,84,12,,,
45c7ac9e-98c9-4b21-b5b5-5a25f8bd87fa,intelligence.cloud,premium,80,84,12,,,
c01aac13-0935-49ac-80c5-75613f2ff306,intelligence.co,expiring,80,84,12,"GoDaddy.com, LLC",20/07/2010 18:01,19/07/2025 23:59
2d82f379-220b-4c42-b415-7baa5cbe7519,intelligence.expert,resell,80,84,12,"Global Domains International, Inc. DBA DomainCostClub.com",10/04/2025 15:15,10/04/2026 15:15
29d702cc-ef3e-480d-b920-839bb2e30a68,intelligence.io,resell,80,84,12,"Spaceship, Inc.",18/07/2014 00:30,18/07/2026 00:30
139182f5-3608-4b15-bd4f-f2ee4659bbb9,intelligence.net,resell,80,84,12,"GoDaddy.com, LLC",08/12/2002 07:51,08/12/2026 07:51
4fb55bf0-357d-4bbb-9dc8-3f6c5b5932f4,intelligence.online,premium,80,84,12,,,
ed932b79-caed-4d50-b948-fc6b4d169629,intelligence.site,premium,80,84,12,,,
c9d1ef4c-9303-4507-9ea4-9335bf89213b,intelligence.space,premium,80,84,12,,,
be7e05a1-67ef-40ca-847a-e5b774fc5474,intelligence.store,premium,80,84,12,,,
d0b2256c-7f2f-42c6-8e23-139f0c979881,intelligence.tech,resell,80,84,12,"Go Daddy, LLC",29/04/2024 20:32,29/04/2026 23:59
e5d5081f-4385-4d46-8516-afc0b026f04f,intelligence.us,resell,80,84,12,"eNom, LLC",04/06/2004 21:01,03/06/2026 23:59
cfbcc538-9fa8-4c27-b5a1-8ac1618d5361,communications.app,premium,54,84,14,,,
e6880c8a-29a7-45dc-94eb-321a0c3f2881,communications.at,sold,54,84,14,kapper.net - Kapper NETWORK-COMMUNICATIONS GmbH ( https://nic.at/registrar/114 ),,
ac2e2162-2b88-48b2-99b5-da035e3bdcd9,communications.com,resell,54,84,14,Dynadot Inc,19/12/1994 05:00,01/03/2033 16:51
9bc4e09e-48b5-4176-89e4-5501ced6973c,communications.gg,available,54,84,14,,,
1dc84f64-7eae-4b0e-9a3c-065e5d56cece,communications.me,expiring,54,84,14,"GoDaddy.com, LLC",09/07/2008 17:02,09/07/2025 17:02
9f6c27c3-082e-43c3-a480-4277bdbe191d,communications.ninja,available,54,84,14,,,
4e62f331-3c1b-4bcd-8be6-07f12cbac360,communications.online,premium,54,84,14,,,
5671850f-417f-4dd3-bd9e-3583fc773ea0,communications.site,premium,54,84,14,,,
ddc32cf6-4c34-402f-950e-d073bdca5e0d,communications.so,available,54,84,14,,,
3b1294cc-9dd2-4dcc-a09e-bd1896d3a47b,communications.store,premium,54,84,14,,,
10f4a876-d9f5-4167-8bb8-da0dfcf75cd0,communications.tech,premium,54,84,14,,,
eea15760-4f58-43b7-89af-b025302b2158,communications.zone,available,54,84,14,,,
90b03025-3b72-4a50-9f23-cc24200ef0b3,strategy.at,available,74,88,8,,,
525ac8bc-79cc-4de1-9dc4-017a7ca3c948,strategy.cloud,premium,74,88,8,,,
c77c7b2a-1b0b-4af0-b469-ae1548c383ba,strategy.online,premium,74,88,8,,,
9f759304-f182-4e4c-8644-550ec65dc704,strategy.pro,resell,74,88,8,"GKG.NET, INC.",03/07/2017 10:10,03/07/2026 10:10
6012030d-b7be-4d6f-a5f5-e32d7030c84f,strategy.site,premium,74,88,8,,,
7f621f9e-9099-4398-b69d-cd3a8a4c9e31,strategy.so,resell,74,88,8,NameCheap,23/06/2020 15:48,23/06/2026 15:48
ff98e9d0-d6da-4ad8-b643-da6b7f0425f4,strategy.space,premium,74,88,8,,,
b6a6fc8e-c35a-4c2c-b398-02fa63d1431e,strategy.store,premium,74,88,8,,,
6b97cae3-f081-45d4-985a-794233c4385d,strategy.us,resell,74,88,8,"GoDaddy.com, LLC",28/04/2004 17:17,27/04/2026 23:59
7bf9a4e8-afaf-467e-b81f-255f3da5b818,tactics.cloud,expiring,70,84,7,"Chengdu West Dimension Digital Technology Co., LTD",28/07/2024 03:04,28/07/2025 03:04
a114107c-b75b-4e1e-b806-7126fede1ec8,tactics.co,expiring,70,84,7,"GoDaddy.com, LLC",28/07/2010 08:37,27/07/2025 23:59
e22a7641-facd-424b-9aa9-a3b85fa8e41c,tactics.expert,available,70,84,7,,,
c05741f5-aadd-4061-9827-0bf6dbe80e2b,tactics.io,resell,70,84,7,Dynadot Inc,28/03/2018 10:25,28/03/2026 10:25
944b1f78-7329-4824-9919-c4c08246adda,tactics.it,resell,70,84,7,,01/02/2011 03:49,10/02/2026 00:00
5055aa06-fcae-4f0b-8180-1bb067f6615a,tactics.pro,resell,70,84,7,"Sav.com, LLC",07/06/2025 17:01,07/06/2026 17:01
90fcdffa-a52c-4251-8ba7-c115634a7efd,tactics.site,resell,70,84,7,Namecheap,12/10/2024 02:34,12/10/2025 23:59
fb7674bc-20fe-489d-b71c-fe36c3dcf240,tactics.so,available,70,84,7,,,
6ac4da21-d8c1-49fd-a396-35576e6b45f3,tactics.store,premium,70,84,7,,,
ec9b4b16-69ad-4d79-9713-b1c55a841e4a,tactics.xyz,resell,70,84,7,Instra Corporation Pty Ltd,10/07/2014 18:23,10/07/2026 23:59
9db1fec4-03f6-4f79-8a48-c9e8226fd095,tactics.zone,available,70,84,7,,,
6b6d6d8c-9bf3-44f4-918a-8a30d90a3f87,doctrine.ai,resell,58,92,8,Porkbun LLC,16/12/2017 05:21,29/06/2026 05:21
f440c4d0-602f-4788-906a-557f3d569516,doctrine.at,available,58,92,8,,,
851e565c-7ad5-4960-9f9e-c2059b645f96,doctrine.dev,premium,58,92,8,,,
d503ca8b-7051-4d8e-b68c-b2b7a986c6a8,doctrine.expert,available,58,92,8,,,
225b83e0-90e6-4251-96b4-d285e7b479bd,doctrine.ninja,available,58,92,8,,,
852a02cc-0dad-4ffc-893c-67df0151aafe,doctrine.so,available,58,92,8,,,
43880015-dcdf-402f-8d04-eaea9a6788ba,doctrine.xyz,resell,58,92,8,Dynadot LLC,11/04/2019 18:53,11/04/2026 23:59
b11d8488-293a-459a-8216-5224c3fd4880,doctrine.zone,available,58,92,8,,,
a61850cb-3875-4850-9a26-946ee04df0ab,training.cloud,premium,70,88,8,,,
4bd4842f-4644-49d3-bf94-28348c943153,training.dev,premium,70,88,8,,,
754e0bd1-23d9-464d-9d21-764318381a8f,training.it,expiring,70,88,8,,10/01/1997 00:00,29/07/2025 00:00
ccf86dfe-f40c-434c-834a-9afe6c5231bb,training.me,premium,70,88,8,,,
eb7fee7e-142b-40b6-93fc-23f2425fb109,training.online,premium,70,88,8,,,
31888faf-8bae-474f-82c1-925be09c2d9a,training.pro,resell,70,88,8,Porkbun LLC,02/03/2005 00:00,02/03/2026 00:00
760afe27-3b6d-4338-8a25-810a7c7794aa,training.site,premium,70,88,8,,,
5c59e59e-bfc0-45e3-af89-b4db938d67bc,training.so,resell,70,88,8,SOSTEC TECHNOLOGIES_LR,19/06/2024 05:42,19/06/2026 05:42
fad07601-443b-46bc-b6e3-2f0cd412c2f4,training.space,premium,70,88,8,,,
9e0b49c6-34a9-4e12-93bc-2e0b8d8dec02,training.store,premium,70,88,8,,,
18904504-415a-4914-be80-bb6b17e784fe,training.tech,premium,70,88,8,,,
1f500bca-477d-4bf8-9e4f-997e65d3ecff,readiness.at,available,60,80,9,,,
013f8d26-a767-4eb0-ace7-492434f7ab12,readiness.co,premium,60,80,9,,,
301e4c99-13da-4a2a-be54-74e4daffbe90,readiness.dev,available,60,80,9,,,
2940300f-18c2-4a92-a797-069df5f1b9fc,readiness.expert,available,60,80,9,,,
2f408546-42f1-42e8-aba3-7717fb82a1a5,readiness.gg,available,60,80,9,,,
19629593-5625-4807-83ea-5a2ff268b076,readiness.it,resell,60,80,9,,12/08/2011 18:44,05/09/2025 00:00
6021b015-6b99-4f61-ba03-b1a73eb1616d,readiness.ninja,available,60,80,9,,,
eab58ba8-c1c4-4a00-86c8-eb76ca772e00,readiness.online,available,60,80,9,,,
ed3db0ab-1d0f-4f80-a287-6c4599ccde88,readiness.org,resell,60,80,9,"GoDaddy.com, LLC",14/06/2002 14:13,14/06/2026 14:13
a304ea40-d411-4611-bedc-8b593519d6d5,readiness.site,available,60,80,9,,,
ba8110c0-bf0d-44e7-bdfe-19637716d35c,readiness.so,available,60,80,9,,,
141b3fce-7037-4547-bca9-cee29df33f24,readiness.store,premium,60,80,9,,,
d0813163-248d-4800-b7ac-b94a930f644c,readiness.tech,premium,60,80,9,,,
f541f7fe-4512-418a-a7cb-5bdcf8b7aca6,mobilization.at,available,64,72,12,,,
67232692-8c9f-4b86-8892-c0ab7d0c7a75,mobilization.cloud,available,64,72,12,,,
2ac91abe-8be2-4030-8309-241880008a67,mobilization.co,resell,64,72,12,InternetX GmbH,09/10/2017 18:04,08/10/2025 23:59
ffdb87c6-3cf6-4563-af7f-cb9de4f0d85e,mobilization.dev,available,64,72,12,,,
05833f8f-fd0a-45cb-aef9-9b5ebff15f21,mobilization.expert,available,64,72,12,,,
25f5e1f2-9861-460d-b92c-f5e67d96ee96,mobilization.gg,available,64,72,12,,,
624baab2-2121-4682-b9d4-2cb80e769cfc,mobilization.io,available,64,72,12,,,
aef64191-6e39-4249-92f1-41a51da0392c,mobilization.me,available,64,72,12,,,
66f4eb39-5a08-496d-9775-bf6167db808b,mobilization.ninja,available,64,72,12,,,
98aac544-1377-470c-b5ee-d7b3fda0f001,mobilization.online,available,64,72,12,,,
71837ec0-c34f-4a88-8399-8d2e1d173eaa,mobilization.pro,resell,64,72,12,"NameCheap, Inc.",25/05/2024 09:10,25/05/2026 09:10
489cba58-5bc3-44c4-a971-484291206bfb,mobilization.site,available,64,72,12,,,
2c6c54ff-449f-438a-9317-c8fabb523a58,mobilization.so,available,64,72,12,,,
529ed56a-4eb4-4585-9720-d2aeae9ff7d7,mobilization.space,premium,64,72,12,,,
cc5db6f7-14a8-4034-ad44-7633dde078d8,mobilization.tech,premium,64,72,12,,,
67fb8cb8-5ccc-43b0-ae70-c847286cdae8,mobilization.us,available,64,72,12,,,
4f661192-95fa-4f4c-83fb-af4355bade80,mobilization.zone,available,64,72,12,,,
836c9bd9-7a63-4c64-8efe-f0110d483d49,deployment.at,available,60,80,10,,,
fbdcf5e7-409f-48ff-87f9-4f285fe1e6c2,deployment.co,resell,60,80,10,"Spaceship, Inc.",23/09/2012 21:13,22/09/2025 23:59
34ae6382-c45a-43b5-8d18-abf9584174a3,deployment.dev,premium,60,80,10,,,
299e769d-e93b-4dc3-9277-d5720edd4b24,deployment.gg,available,60,80,10,,,
871a7362-4603-40f9-a780-b47b0c05614c,deployment.net,resell,60,80,10,GoDaddy Online Services Cayman Islands Ltd.,11/09/2002 18:03,11/09/2025 18:04
6c3ee114-e8d5-41a7-b6fc-4631ae208086,deployment.ninja,available,60,80,10,,,
b724ef24-ab4c-448e-9599-595d3277586f,deployment.pro,resell,60,80,10,Epik LLC,15/06/2023 17:01,15/06/2026 17:01
91447cc2-2d6b-48b8-a0f3-9282f3d90b5c,deployment.site,expiring,60,80,10,"Porkbun, LLC",21/07/2019 06:11,21/07/2025 23:59
29b2d31b-b32c-435d-9bdb-bea101dd16e9,deployment.so,available,60,80,10,,,
0a226d77-0a15-4f60-b0f1-bc97533153fc,deployment.tech,premium,60,80,10,,,
3e09ccf4-bbc8-47c8-88c0-637af98188db,deployment.us,resell,60,80,10,"GoDaddy.com, LLC",05/03/2003 23:39,04/03/2026 23:59
bf74f100-d3bb-48dd-8dee-7d50dcef6f8e,deployment.xyz,resell,60,80,10,Dynadot LLC,12/12/2017 01:04,12/12/2026 23:59
330f4dc6-66e1-471d-b5b8-b1729cfc64dc,deployment.zone,available,60,80,10,,,
59dcffd8-7f04-4e1f-89a2-d5694e9ceac4,logistics.at,sold,62,84,9,Key-Systems GmbH ( https://nic.at/registrar/404 ),,
803a400b-7e7f-43c5-b6f9-b784efe7a5e3,logistics.co,resell,62,84,9,InternetX GmbH,24/02/2010 22:59,23/02/2026 23:59
e4ea6460-6cb0-4645-91e5-dfbbc75ffcd2,logistics.gg,resell,62,84,9,Enrapture Limited (https://enrapture.gg),,
a3bc51b5-0380-4f05-a12d-b296eb41104b,logistics.me,resell,62,84,9,1API GmbH,20/08/2012 02:35,20/08/2025 02:35
01bd4b60-b714-4071-a1f2-ddb21ddd3bc5,logistics.online,premium,62,84,9,,,
04603bfd-5093-4a9d-ab0d-78b6859fec4c,logistics.site,premium,62,84,9,,,
260444bc-07fc-458b-b807-2bc478938d8d,logistics.space,premium,62,84,9,,,
64c967a5-230f-434e-8bfe-a3015d324ad1,logistics.store,premium,62,84,9,,,
2b308baf-b40a-4e92-869c-0ae780eb225f,logistics.xyz,resell,62,84,9,Dynadot LLC,06/06/2014 02:34,06/06/2026 23:59
e683e4d4-4497-459c-80d3-b22b4330c129,supply.at,available,100,88,6,,,
da2e0753-7ba9-4220-a0d4-ff6657801a32,supply.expert,premium,100,88,6,,,
b65d1969-4cd4-428f-bf10-74b5ad822d33,supply.me,premium,100,88,6,,,
820bf357-b074-4d72-b011-a2e26ae2b6db,supply.online,premium,100,88,6,,,
96567d07-669d-46a0-8bcb-d00394112f6d,supply.pro,resell,100,88,6,Dynadot Inc,26/08/2008 00:00,08/09/2025 00:00
a654ace0-2644-43a9-86cc-858597a048c6,supply.site,premium,100,88,6,,,
bd89dc12-0c75-4470-91f4-ee5b2f171f39,supply.so,expiring,100,88,6,NameCheap,06/08/2021 01:36,06/08/2025 01:36
9a33153b-16e9-4fc3-83bf-6dcd97b6e24e,supply.space,premium,100,88,6,,,
3239e82b-5044-4cb1-92ca-97d931f43fc1,supply.store,premium,100,88,6,,,
1adc7c77-32cc-4ff5-9be8-d9f7a708dcb7,supply.tech,premium,100,88,6,,,
06645f06-407a-468e-9e3f-a5b7c79ccfa2,procurement.app,expired,,88,11,united-domains AG,04/05/2018 16:00,04/05/2025 16:00
9067d049-2c82-4372-9ced-27c3f8a3ab9e,procurement.at,sold,,88,11,A1 Telekom Austria AG ( https://nic.at/registrar/16 ),,
21262110-1f2e-48fd-9928-5914bd9f6b85,procurement.gg,available,,88,11,,,
dbf33547-180a-4000-8772-8d80e294fa2c,procurement.pro,resell,,88,11,"GKG.NET, INC.",12/01/2016 01:05,12/01/2026 01:05
78c706a3-bd39-4723-862c-7206fee1ad11,procurement.site,premium,,88,11,,,
13aa6bbc-385f-4cd8-832b-769c8fdc6bab,procurement.so,expired,,88,11,Asal Solutions_LR,06/06/2024 09:03,06/06/2025 09:03
e5befdcb-4d4d-4cb1-b06f-afd035bf5c77,procurement.store,expired,,88,11,Communigal Communications Ltd,16/05/2024 00:11,16/05/2025 23:59
41043b94-b0fa-495d-acd4-cb09b2272258,air.academy,expiring,84,41,3,"Global Domains International, Inc. DBA DomainCostClub.com",30/09/2021 17:00,30/09/2025 17:00
2ddac549-ad29-4fef-9f33-100686d4d693,air.accountant,premium,84,41,3,,,
78b2075e-b900-4ef7-ade3-10b5e3c7bb94,air.accountants,available,84,41,3,,,
d3d21de7-4021-4cd1-a7f4-f44557b87319,air.actor,available,84,41,3,,,
0e7e202c-20e4-4001-a1b4-4f572b87396d,air.adult,premium,84,41,3,,,
a85b9e51-3f59-4a6c-90c4-1631c1f96407,air.airforce,premium,84,41,3,,,
5538df35-377e-4589-b35c-3a0cc4e9d186,air.apartments,premium,84,41,3,,,
f0c7bdc5-8603-424c-8e74-b75c24f557a4,air.army,premium,84,41,3,,,
5bd2049b-9e6b-42f3-bee6-f48f92dfe9c3,air.associates,premium,84,41,3,,,
d690b454-f970-4843-b240-b1dc57ec8d04,air.at,sold,84,41,3,Streams Telecommunicationsservices GmbH ( https://nic.at/registrar/248 ),,
972af406-1dad-4c85-a271-520e70424665,air.attorney,premium,84,41,3,,,
0e3b40a3-33f1-4727-9956-290c0f65f4e3,air.auction,premium,84,41,3,,,
499f06f5-79a1-402b-a5af-296945d1852c,air.auto,available,84,41,3,,,
62eab5eb-01eb-407b-b5b2-fd57aaf9e745,air.baby,resell,84,41,3,"CHENGDU WEST DIMENSION DIGITAL TECHNOLOGY CO., LTD.",28/10/2024 15:27,28/10/2025 23:59
f80b9e25-4077-48d0-8388-916eb5266921,air.bargains,premium,84,41,3,,,
b1d3a6b0-f9b1-4b25-9525-80b6b6fac6ef,air.bayern,premium,84,41,3,,,
2469feb8-510c-47cd-8a07-1dee5e531b8c,air.beauty,resell,84,41,3,"Spaceship, Inc.",03/03/2021 05:10,03/03/2026 23:59
4d8ae14f-5c9b-43c3-b2b4-b45f94a16ce7,air.beer,premium,84,41,3,,,
0c6c1e1f-20df-445b-a624-b41602e243c6,air.bike,resell,84,41,3,Dynadot Inc,20/05/2016 05:22,20/05/2026 05:22
4c92e519-aaa8-408e-b03e-2e0479fe8287,air.bingo,premium,84,41,3,,,
bd1e8e32-cdb6-4923-a133-fdb5d322bfab,air.black,resell,84,41,3,"NameCheap, Inc.",21/05/2015 04:45,21/05/2026 04:45
9daf3d2f-b12b-425e-bae6-00c29d4b80b8,air.blackfriday,premium,84,41,3,,,
106f0a84-13c5-4e4e-aa10-d00ba1f3671d,air.blog,premium,84,41,3,,,
4c86f679-cb39-4b4f-84b5-cd3abd4823bf,air.blue,expired,84,41,3,"GoDaddy.com, LLC",12/07/2016 10:08,12/07/2025 10:08
53743ee1-f110-45ce-9aa0-188f2d0d90ed,air.boats,resell,84,41,3,Dynadot LLC,30/08/2023 08:21,30/08/2026 23:59
6662209e-ff96-4817-91c4-2078c446856b,air.bond,premium,84,41,3,,,
426c50bc-9dad-456a-9197-9a96052a961a,air.boo,premium,84,41,3,,,
4e144c4a-3ffb-4f8f-bbc2-7cc76226c04f,air.boston,premium,84,41,3,,,
b2c23bb7-c247-44dc-acf0-dc30ddf4189b,air.boutique,resell,84,41,3,"Sav.com, LLC - 22",02/06/2025 15:15,02/06/2026 15:15
12b91efc-fa8e-44f0-a972-32b6fdbfd6be,air.builders,premium,84,41,3,,,
1b7055da-f2e6-4c26-9743-fc847a3f514c,air.buzz,premium,84,41,3,,,
813142f6-4ba6-4aac-84bd-3c6992734874,air.cam,premium,84,41,3,,,
b1399ec6-98c2-4b9d-b303-5f5c2fcfe132,air.car,available,84,41,3,,,
2db52450-3f1b-4659-8665-3877e5ff11f0,air.cards,premium,84,41,3,,,
ae4a0040-97b4-4e6b-9b53-03cecec54bee,air.cars,available,84,41,3,,,
5fe89be8-70d0-401c-a74d-f1169165b1a6,air.casa,resell,84,41,3,"NameCheap, Inc.",27/04/2021 00:41,27/04/2026 00:41
b378e418-b828-4a66-9540-be24408363af,air.casino,resell,84,41,3,Dynadot Inc,27/05/2024 17:00,27/05/2026 17:00
2c9cff17-ee53-4753-8d46-977b7d20d19a,air.ceo,resell,84,41,3,"Spaceship, Inc.",01/02/2025 17:19,01/02/2026 23:59
3199f30c-10a3-43fc-b741-d8bd8349cbb8,air.cfd,premium,84,41,3,,,
71b31fde-23bb-4174-b515-641a2e88316a,air.charity,premium,84,41,3,,,
76357110-68a3-4887-a66e-8c9493248a55,air.cheap,premium,84,41,3,,,
78fbbef6-7be6-4559-b5ad-84bbda77ac16,air.christmas,premium,84,41,3,,,
84be71d8-9137-4243-80ca-b40f40d58030,air.cleaning,resell,84,41,3,Porkbun LLC,20/01/2025 23:11,20/01/2026 23:11
4a4371a4-323d-44c6-8025-ff16629bab57,air.click,resell,84,41,3,"Dynadot, LLC",09/02/2021 08:31,09/02/2026 08:31
2ffd333e-5e95-4806-b8fb-c0e3dcf7d305,air.clinic,premium,84,41,3,,,
4e1f3f6f-8977-470a-8ad6-2fcc067e99e2,air.clothing,premium,84,41,3,,,
3ad76d56-c4b1-4177-ab15-45ace4d06d0d,air.cloud,premium,84,41,3,,,
ceea7e15-1d82-4d41-a6bc-ba1e7c3c3ba8,air.company,expiring,84,41,3,"GoDaddy.com, LLC",11/09/2019 18:12,11/09/2025 18:12
c1cc2329-7afc-47d7-9e01-6e6ef5c1f4fa,air.computer,resell,84,41,3,"Sav.com, LLC",08/06/2024 18:48,08/06/2026 18:48
7fd478fb-bb6b-43c4-99be-deb1b6071364,air.condos,available,84,41,3,,,
951223dd-63b4-47e3-905f-4414d465c36a,air.construction,premium,84,41,3,,,
6422a418-7ceb-4cf6-ae50-9b4348a3d0d6,air.consulting,resell,84,41,3,Dynadot Inc,08/07/2021 23:17,08/07/2026 23:17
c6697509-22b9-4067-b3e5-ca18e9c29f3b,air.cooking,premium,84,41,3,,,
0ca2b2ec-e5bb-4a82-9457-a7d70140d5d6,air.country,premium,84,41,3,,,
94879915-c5a5-438f-82f0-931e068fa282,air.courses,premium,84,41,3,,,
6f1b587d-ebfb-440a-9d1a-8bd8b15b0acb,air.creditcard,premium,84,41,3,,,
f591a098-a300-4196-be39-727043f461a0,air.cricket,premium,84,41,3,,,
e2eef333-4285-4082-8c45-ce970b19c13b,air.cruises,premium,84,41,3,,,
74421ece-8114-467a-bed7-581cdd9a0f5d,air.cx,resell,84,41,3,CentralNic Ltd,13/02/2005 00:00,14/02/2026 13:00
90b2b5a5-4cee-4480-aa2c-8beb7b8a2c7a,air.dad,premium,84,41,3,,,
06da8bc8-fedf-4278-a252-a47870ac6cc7,air.dance,resell,84,41,3,Dynadot Inc,21/05/2014 17:00,21/05/2026 17:00
53e82e2d-04c8-43bb-983c-60061776e5e7,air.dating,premium,84,41,3,,,
14e9c4dd-8fec-4db9-979a-526b99d8eaa2,air.dealer,premium,84,41,3,,,
080a42ba-6830-4a6f-ae9a-56476d504703,air.degree,available,84,41,3,,,
88309c3a-e006-4b72-b48e-cc0b6097bb58,air.delivery,resell,84,41,3,"Sav.com, LLC",16/05/2018 12:59,16/05/2026 12:59
d1fe2e50-c20c-4d60-b952-e668a101fb8e,air.democrat,available,84,41,3,,,
9a463a8f-382f-42e4-b529-9b9d749781ed,air.dental,premium,84,41,3,,,
62de695c-c8c2-4d0d-8c11-92b7ca5e390c,air.dentist,premium,84,41,3,,,
ab10f694-0a28-4ec4-874a-f4de071cdc13,air.design,premium,84,41,3,,,
3dae8a8b-d694-46e0-8ff1-145598d322b1,air.dev,premium,84,41,3,Squarespace Domains II LLC.,26/03/2019 16:06,26/03/2026 16:06
bddc6ce9-caf4-49d2-a62d-39e9bd3cf72b,air.diamonds,available,84,41,3,,,
ac6ed96c-bff4-4c18-a28d-b5c74122b15a,air.diet,premium,84,41,3,,,
069bdac9-0fc2-40d4-9a12-d66ce92716ce,air.discount,premium,84,41,3,,,
104a4135-7020-4a0f-8e43-c8945201c048,air.diy,premium,84,41,3,,,
93289a24-08db-4be4-9e5e-d335361756c7,air.doctor,expiring,84,41,3,"NameCheap, Inc.",03/10/2024 20:19,03/10/2025 20:19
fa5fdadc-9f21-49b9-aff6-7a92406771cc,air.dog,resell,84,41,3,"Sav.com, LLC - 17",05/11/2024 17:00,05/11/2025 17:00
e47ec499-ed8c-41b1-be84-151bba4f9c6e,air.domains,expired,84,41,3,"Sav.com, LLC",22/07/2024 13:57,22/07/2025 13:57
59475b1f-defd-4d13-a56e-c5acedfb246d,air.download,premium,84,41,3,,,
9ce57c83-67c4-4933-b37d-5583702f3b27,air.earth,premium,84,41,3,,,
711476bb-e5dd-4c94-b919-7c959be04152,air.energy,resell,84,41,3,Dynadot Inc,16/07/2019 00:45,16/07/2026 00:45
7a320118-18b9-4824-8f77-dd8815d9aee7,air.engineer,expired,84,41,3,Domeneshop AS dba domainnameshop.com,16/07/2024 11:20,16/07/2025 11:20
82933074-30f8-4113-984c-0f8826df8a68,air.engineering,resell,84,41,3,Dynadot Inc,28/06/2020 16:11,28/06/2026 16:11
4cdf15b1-e1c5-4769-b5e5-c19bc0e46821,air.esq,premium,84,41,3,,,
6fa45d46-48b4-4cb2-9c02-c36e52e739eb,air.estate,resell,84,41,3,"Global Domains International, Inc. DBA DomainCostClub.com",04/11/2024 15:15,04/11/2025 15:15
504317ef-7d54-4951-9670-98ef2e5e9653,air.events,resell,84,41,3,"Spaceship, Inc.",11/03/2025 10:51,11/03/2026 10:51
215359d5-2f46-4c79-8867-c5fe60b1eaf8,air.expert,premium,84,41,3,,,
fbedb14f-6bfc-4efb-8579-6ba60bece590,air.exposed,premium,84,41,3,,,
6844584d-ae7c-4c81-9dcf-6abadca63e98,air.express,resell,84,41,3,Dynadot Inc,12/07/2015 22:31,12/07/2026 22:31
9bffc73f-0bd2-450d-8ffe-9a4e2b8757b3,air.faith,premium,84,41,3,,,
800db992-2c93-49ba-b6ed-25aabf696064,air.family,resell,84,41,3,"Sav.com, LLC",21/10/2024 20:42,21/10/2025 20:42
fda65cf0-4078-400e-abb1-a552a58fd0cf,air.fans,premium,84,41,3,,,
b225075d-7cd6-4833-91ec-f7f6a1b2ce5a,air.farm,expiring,84,41,3,"GoDaddy.com, LLC",22/09/2015 22:09,22/09/2025 22:09
0c3be508-9c4c-49a2-a22f-884179c187dc,air.fashion,premium,84,41,3,,,
c86ea0ff-3e02-4ef5-90f3-40119b5e01ae,air.film,premium,84,41,3,,,
a2ea0669-4808-4ab4-9e1c-3ca4526eb457,air.finance,resell,84,41,3,"Sav.com, LLC - 27",14/11/2024 15:15,14/11/2025 15:15
9e163746-2fa4-4242-b494-ebaac04a8433,air.fishing,premium,84,41,3,,,
2f1b8cae-f3b6-4b3f-ab94-a3e28e57bdcc,air.florist,resell,84,41,3,Domain Science Kutatási Szolgáltató Korlátolt Felelősségű Társaság,26/10/2024 17:00,26/10/2025 17:00
461379eb-220c-4d55-92c8-71adb1e86be9,air.flowers,available,84,41,3,,,
886ea886-1a07-456e-abf1-f738ce1fe2ac,air.foo,premium,84,41,3,,,
5b256431-5101-4cf9-8fd5-fe71d4502e32,air.food,premium,84,41,3,,,
ccabe1bc-c169-4b26-ac70-f510152c737c,air.football,premium,84,41,3,,,
44af361c-520c-48ac-9300-7ec9770c70a0,air.forsale,premium,84,41,3,,,
8e1bf64b-af76-4d18-aabc-cca2106a8a84,air.forum,premium,84,41,3,,,
7afd4a6a-a3b5-4c17-9d52-f34414d0b600,air.fund,expiring,84,41,3,"Sav.com, LLC",03/10/2021 17:00,03/10/2025 17:00
991fd260-519c-4fd1-8036-af03bfad459c,air.furniture,resell,84,41,3,Domain Science Kutatási Szolgáltató Korlátolt Felelősségű Társaság,06/08/2024 17:00,06/08/2026 17:00
39ace764-cb24-4dd2-85e4-07c3d637b08d,air.futbol,available,84,41,3,,,
6b101823-211a-4ea5-9b93-93286b9cbe12,air.fyi,resell,84,41,3,"Spaceship, Inc.",28/05/2022 13:15,28/05/2026 13:15
08635afd-76dd-4b53-8065-88c472282db1,air.game,available,84,41,3,,,
72a26baf-d4ab-487a-ba82-61e3551a7ace,air.games,premium,84,41,3,,,
b8e9276d-0d67-4204-a085-62aecc1a28b4,air.garden,premium,84,41,3,,,
56f112fe-346d-40b6-99e1-4ccafec7b0c7,air.gay,premium,84,41,3,,,
08971260-d4af-4650-a234-05fcef67548f,air.gift,premium,84,41,3,,,
1352bbe2-539a-43c5-b429-ddf20cdfcfc5,air.gifts,premium,84,41,3,,,
81493e37-1669-4ab6-b28a-2e8f700c8a23,air.gives,available,84,41,3,,,
99625bc0-f530-4ad5-8362-7fb67a8ba948,air.giving,available,84,41,3,,,
7afd9bbe-bc72-4441-9dc2-f561a5485584,air.glass,resell,84,41,3,"NameCheap, Inc.",15/07/2016 12:49,15/07/2026 12:49
cf895acc-df80-422a-ae67-6530a723fc77,air.gold,resell,84,41,3,"Chengdu West Dimension Digital Technology Co., Ltd.",17/02/2018 18:48,17/02/2026 18:48
472e06f2-8bbc-492a-82c7-6521acda51b5,air.golf,resell,84,41,3,Dynadot Inc,27/06/2025 17:00,27/06/2026 17:00
fb09d121-d5e7-467c-800d-fc24372c7f2f,air.gratis,premium,84,41,3,,,
392bbe51-9fcc-4fb1-97ae-4bb5dc0fe290,air.gripe,premium,84,41,3,,,
d7e7f47f-5476-43b7-a7a2-1603e901ebaa,air.group,resell,84,41,3,Porkbun LLC,05/06/2016 16:00,05/06/2026 16:00
d5f94901-8047-4ef3-85a4-65578d77f009,air.guru,expiring,84,41,3,"NameCheap, Inc.",21/09/2022 20:49,21/09/2025 20:49
2f19c91a-3622-46ca-bb94-e10756b2db08,air.haus,expiring,84,41,3,"NameCheap, Inc.",04/10/2024 06:34,04/10/2025 06:34
d1fa8d6e-8b6e-46dd-b092-69920916a113,air.healthcare,premium,84,41,3,,,
39a0cbab-745a-49f6-a4f4-358e9ef9ad74,air.hiphop,premium,84,41,3,,,
ff55fb56-cf21-4774-bc57-56e0fd38952a,air.hiv,available,84,41,3,,,
72b8b18c-de41-40a4-adbd-1874c42bce6c,air.hockey,resell,84,41,3,"GoDaddy.com, LLC",14/08/2015 16:00,14/08/2026 16:00
bc942c9f-eb4e-4d0e-9a45-d6f010856c7f,air.holiday,expiring,84,41,3,"Sav.com, LLC",22/09/2023 15:15,22/09/2025 15:15
7cb35dde-c6db-4cb0-b426-bda5f689a64d,air.horse,premium,84,41,3,,,
18dbc20c-42d8-4c5b-8d14-d72a01fcb167,air.hospital,available,84,41,3,,,
1c066fdd-65e6-4b3a-a07d-91719b6ceffd,air.host,premium,84,41,3,,,
7e62604b-e839-4ed1-8b3e-e5f077973b84,air.hot,premium,84,41,3,,,
a73b6fb4-790a-44b9-8798-0b2e3e775e37,air.how,premium,84,41,3,,,
b56cd632-47df-4584-8c18-91fc24c9967b,air.icu,premium,84,41,3,,,
f8530934-b6b6-41b3-98ce-83aa54afb878,air.im,premium,84,41,3,,,
80cd4255-b3ba-4019-9316-01ac5dc64abd,air.immobilien,available,84,41,3,,,
bb8edc5d-e388-4601-8e22-fe03ebc675f8,air.ing,premium,84,41,3,,,
4fec011e-05ab-4f00-81b8-b340c353ba5e,air.ink,expiring,84,41,3,"Xiamen ChinaSource Internet Service Co., Ltd",13/09/2021 08:17,13/09/2025 23:59
2c457589-dcda-4846-95af-79d0df03cb15,air.institute,premium,84,41,3,,,
874d86eb-376b-46ea-9297-219b0b414b10,air.irish,available,84,41,3,,,
1a7ee3c0-1da7-46c5-b150-5beff489137d,air.jewelry,available,84,41,3,,,
ef273b49-54fd-44e9-b981-14f7fb6ebcb7,air.juegos,available,84,41,3,,,
a7b1211b-8bd0-48fb-aa31-2dfd3df267b7,air.kaufen,available,84,41,3,,,
9ea6fc9c-4ebd-4775-aff0-d2b8c0ee20da,air.kids,premium,84,41,3,,,
36378a89-c52e-41fd-95a6-4aa00e24f25b,air.land,resell,84,41,3,"NameCheap, Inc.",02/11/2017 19:49,02/11/2025 19:49
226ac803-a2b2-4881-a899-a55f4ca65420,air.lawyer,premium,84,41,3,,,
b11e140a-a0c1-4cdd-8fe1-7f828d58ace9,air.lease,resell,84,41,3,"NameCheap, Inc.",18/08/2024 20:56,18/08/2026 20:56
382f4b29-eef2-4e77-9713-aaea44b3f24d,air.lgbt,premium,84,41,3,,,
74e5e407-165c-4c83-82eb-c8418d798a5c,air.life,resell,84,41,3,"Chengdu West Dimension Digital Technology Co., Ltd.",20/09/2020 08:06,20/09/2026 08:06
109b7cac-9521-452c-9506-b371d0034d93,air.lifestyle,premium,84,41,3,,,
f7c56932-ed49-4f91-b9a2-23a327d2be93,air.lighting,premium,84,41,3,,,
3b0a0704-b2f2-4376-a8e3-f7504b24c484,air.live,expiring,84,41,3,"GoDaddy.com, LLC",09/09/2022 13:11,09/09/2025 13:11
dde884f3-c3a5-4f57-b7c4-83bf86e25e0d,air.living,premium,84,41,3,,,
9bb37953-7de5-4711-8498-432773fb5dbf,air.loan,premium,84,41,3,,,
76e7123a-359a-469b-9177-0e7f9b8e2ed0,air.loans,expiring,84,41,3,"GoDaddy.com, LLC",18/09/2021 10:41,18/09/2025 10:41
cd36fe1e-4024-4f87-8491-b46544500792,air.locker,premium,84,41,3,,,
e688ab0a-4215-49c1-ba20-460449eaa357,air.london,premium,84,41,3,,,
657e4a48-8800-4666-9537-d8152c54950d,air.love,expiring,84,41,3,GoDaddy,12/09/2023 15:54,12/09/2025 15:54
d10eed5a-6b1f-4f9b-b351-1f454c0097b8,air.ltd,resell,84,41,3,Alibaba Cloud Computing Ltd. d/b/a HiChina (www.net.cn),20/06/2016 16:52,20/06/2030 16:52
82f6398d-8a2f-4ab9-8b2b-70cac940c556,air.ltda,premium,84,41,3,,,
ece5933f-3866-4771-a65b-2c81f66d4449,air.makeup,resell,84,41,3,"Spaceship, Inc.",27/12/2024 21:48,27/12/2025 23:59
48245927-2817-4a6e-9eb2-540255379a08,air.management,resell,84,41,3,"Sav.com, LLC - 28",28/08/2025 15:15,28/08/2026 15:15
c380bcd4-c695-4786-86d1-0717492168e6,air.market,resell,84,41,3,"NameCheap, Inc.",09/08/2023 17:59,09/08/2026 17:59
b3c23c12-32b0-4e54-a232-c22b160b101b,air.marketing,resell,84,41,3,Dynadot Inc,17/09/2019 01:14,17/09/2026 01:14
6575d832-b28f-4e63-972c-9a5a1247d853,air.melbourne,premium,84,41,3,,,
80eada9f-10cb-4fd6-be11-702379a30815,air.meme,premium,84,41,3,,,
bb497421-1870-46ea-9443-94823a5243b3,air.memorial,available,84,41,3,,,
2e463e9f-3b86-49c8-a58d-07b1e6a7d670,air.men,resell,84,41,3,"NameSilo, LLC",23/08/2016 13:59,23/08/2027 13:59
6a9ca66a-8120-4524-a777-8dcc50f9ec67,air.menu,premium,84,41,3,,,
ee2077fb-3bc0-4eb4-a62c-5cb5c2cd5960,air.moda,expired,84,41,3,"Regional Network Information Center, JSC dba RU-CENTER",01/08/2024 11:16,01/08/2025 11:16
7577cd80-4687-4cf0-83da-a47d608727f8,air.monster,premium,84,41,3,,,
abb2ff0e-d3fa-4e69-bee0-da11a3515a25,air.mortgage,available,84,41,3,,,
96789704-ebd5-4bac-87eb-3397bf07d186,air.motorcycles,expiring,84,41,3,"Porkbun, LLC",18/09/2022 09:03,18/09/2025 23:59
e5e15b2a-a353-43b2-9de8-ae87003d56c5,air.mov,premium,84,41,3,,,
5172f4f9-5313-4aaa-ba32-1c9e3ea8a6b4,air.movie,available,84,41,3,,,
a9ccba14-d7fe-464a-8ed0-107482cca68c,air.music,premium,84,41,3,,,
3e647b7e-ec5b-42d1-afb5-4a97f2820b7d,air.navy,premium,84,41,3,,,
cc260c1b-ff5e-4110-bb70-0d3e5ac57033,air.net,resell,84,41,3,Dynadot Inc,23/10/1997 04:00,22/10/2026 04:00
06e402b8-9d61-4f8c-92d2-3510bc8e00ed,air.nexus,premium,84,41,3,,,
6e65e7eb-b5fd-4183-ac1b-bb07fffd98e8,air.ninja,resell,84,41,3,Dynadot Inc,28/05/2014 17:00,28/05/2026 17:00
ac6b4eeb-ae6c-4e98-be86-b9c4037c8a43,air.nyc,premium,84,41,3,,,
3f42e8b1-c364-4586-b072-553a73258fc1,air.observer,premium,84,41,3,,,
662321a6-d511-4c26-ae70-26ba29a04964,air.online,premium,84,41,3,,,
966243e2-fd7a-48bc-93d6-0fd201d46bc2,air.ooo,available,84,41,3,,,
4d9319f8-ebea-4a16-b9e0-5424d3cfc0c8,air.organic,expired,84,41,3,Porkbun LLC,27/06/2024 00:37,27/06/2025 00:37
c8fd6016-fd27-4a1b-990d-7cef515b3ce7,air.osaka,premium,84,41,3,,,
3c6c690b-0dd8-46c7-9b9f-1f8dc390125c,air.page,premium,84,41,3,,,
e608ce92-fa84-4036-bba5-868007f54eae,air.pet,resell,84,41,3,Porkbun LLC,09/04/2017 10:26,09/04/2026 10:26
5ee104ea-7fe3-4283-ba52-738749f30c63,air.phd,premium,84,41,3,,,
7ca29ca1-f3ab-4ffc-9f02-6ac4ad908fe5,air.photography,resell,84,41,3,"GoDaddy.com, LLC",21/11/2018 23:08,21/11/2025 23:08
4d181b69-c8bb-4720-951a-2b9d09e91688,air.pics,resell,84,41,3,Dynadot LLC,28/06/2025 00:02,28/06/2026 23:59
bc575006-231b-4e86-9321-e29eedef3218,air.pictures,resell,84,41,3,1API GmbH,08/10/2016 15:50,08/10/2025 15:50
316aedcb-585e-48d7-9f34-c8e9a3f495ba,air.pink,expired,84,41,3,"Xiamen ChinaSource Internet Service Co., Ltd",28/06/2024 17:00,28/06/2025 17:00
2837a376-2aa6-450d-955f-1d771f036f63,air.pizza,premium,84,41,3,,,
007fd1d4-7f1d-4cf7-b6c7-b20c9b27c8a2,air.plus,expiring,84,41,3,Squarespace Domains II LLC,29/09/2018 02:46,29/09/2025 02:46
61681758-66c8-4689-a696-b94a18241bb6,air.poker,premium,84,41,3,,,
9be15e56-391c-4b61-9b82-fae38ba5a337,air.porn,premium,84,41,3,,,
5d3291c2-5b52-47cb-a8e8-ecacda2902c2,air.press,premium,84,41,3,,,
61d38973-e755-4265-b598-1a2aeaa6a6ce,air.prof,premium,84,41,3,,,
446a1f5c-e827-433e-b694-100eab7355f2,air.promo,premium,84,41,3,,,
7fec0044-df26-4ff4-a042-aca3b79d1b05,air.property,premium,84,41,3,,,
fbefe8c9-5c4a-45ea-8a3d-e98396bc02bb,air.protection,available,84,41,3,,,
a3e78eaa-97d8-4f16-8495-a1579baa34a0,air.pub,resell,84,41,3,"Chengdu West Dimension Digital Technology Co., Ltd.",24/09/2016 08:03,24/09/2026 08:03
2b799e0b-ab76-45c6-ae58-b299b9f941e8,air.pw,premium,84,41,3,,,
e25279b2-9e22-41fd-99c8-62e168815e75,air.qpon,available,84,41,3,,,
799c93b1-aaf1-4da2-88bd-81811afee035,air.red,resell,84,41,3,Automattic Inc.,22/09/2021 14:30,22/09/2030 14:30
0a41a78f-d159-4127-87a8-7ff73d335154,air.rehab,resell,84,41,3,Domain Science Kutatási Szolgáltató Korlátolt Felelősségű Társaság,06/08/2025 15:16,06/08/2026 15:16
fd9ea48d-15e2-4452-a598-01430541af0a,air.reise,premium,84,41,3,,,
3f10947f-dea6-4d46-be61-4d8915d653c4,air.reisen,premium,84,41,3,,,
efab88de-fc3e-4990-9b60-057dee954220,air.rent,resell,84,41,3,"Xiamen ChinaSource Internet Service Co., Ltd",07/08/2025 21:53,07/08/2026 23:59
a15dda74-c3fc-46c8-95be-fe0049171ceb,air.rentals,resell,84,41,3,"GoDaddy.com, LLC",27/12/2020 18:11,27/12/2025 18:11
697dc66f-8c3e-401a-a495-31a2d0309bc0,air.republican,available,84,41,3,,,
d9b747cf-ce31-413d-aaa2-2947d3aebac1,air.rest,resell,84,41,3,Porkbun LLC,19/12/2024 05:49,19/12/2025 05:49
89f9c461-8261-46f1-8606-8bb177fa9586,air.restaurant,premium,84,41,3,,,
74be8efe-13fd-445a-b2d7-fbd9e21b8634,air.review,premium,84,41,3,,,
93d908d6-e642-4bf3-a635-a7bb69460158,air.reviews,premium,84,41,3,,,
13fcf859-b8fb-46d4-8b89-2484624e8bff,air.rich,available,84,41,3,,,
b862e326-ebaa-4d9b-9735-adb07ede041d,air.rip,resell,84,41,3,"Sav.com, LLC",23/01/2025 17:31,23/01/2026 17:31
14bb085b-6414-429e-a5a0-e856c14c15e5,air.rocks,resell,84,41,3,Porkbun LLC,03/01/2021 15:53,03/01/2026 15:53
70e06265-6641-4e8e-96b4-a36030ee931a,air.rsvp,premium,84,41,3,,,
2c98abe9-0b7d-4cc8-ae44-7f51f0a9cd93,air.run,resell,84,41,3,"Spaceship, Inc.",01/02/2021 16:02,01/02/2026 16:02
9d30ea4a-2f3f-4a42-82bb-cf0ccb6079ef,air.sale,premium,84,41,3,,,
c2816c0f-084d-42f0-a95a-3ed9a70455df,air.sarl,premium,84,41,3,,,
460c92fc-fbf5-448b-902d-47385383f53d,air.schule,premium,84,41,3,,,
3f71b6fc-b72f-4697-ae50-86252bb9a96c,air.science,premium,84,41,3,,,
2594e449-1bfe-4a8a-a5d9-a904fb01bc5d,air.security,available,84,41,3,,,
48b6db40-c60a-42c3-aa56-b173bff47ba4,air.services,resell,84,41,3,"GoDaddy.com, LLC",24/06/2015 16:00,24/06/2028 16:00
f2d99640-ebb3-452b-886a-6e4da0eae031,air.sexy,premium,84,41,3,,,
ed2f3a2c-eab6-4411-a003-d6edbde64799,air.shiksha,available,84,41,3,,,
d94fc8bd-06dd-4e97-9059-b1e4e4f6d38a,air.shopping,expiring,84,41,3,united-domains GmbH,28/09/2016 16:00,28/09/2025 16:00
378996cb-dbe7-4487-b434-94d1c67c637a,air.singles,expiring,84,41,3,"NameCheap, Inc.",21/09/2022 05:39,21/09/2025 05:39
2beeb8b1-199f-4960-b3b0-bb75e4daa5a3,air.site,resell,84,41,3,Radix FZC,18/10/2022 07:16,18/10/2025 23:59
e604e2e5-e4df-45ad-a74e-12684ab464be,air.ski,premium,84,41,3,,,
cee92ba6-9210-461c-b01e-ece1f540790d,air.skin,resell,84,41,3,"Xiamen ChinaSource Internet Service Co., Ltd",21/10/2024 00:02,21/10/2025 23:59
87a3871d-e9cd-41b2-b5d1-48ce2040c0d7,air.soccer,premium,84,41,3,,,
8561a485-e611-4730-9f4b-a351584605fc,air.solar,expiring,84,41,3,"Sav.com, LLC",04/10/2024 17:00,04/10/2025 17:00
a5132565-0f31-4481-adf5-6d992a6c27c2,air.soy,premium,84,41,3,,,
bc64b09c-b07c-4be4-9841-0087cc27ebff,air.spot,premium,84,41,3,,,
0a245b3c-cc20-431f-bb45-bf992018aa34,air.storage,available,84,41,3,,,
e754a096-d95c-47d5-a24f-8e9e050339ec,air.store,premium,84,41,3,,,
65d2b854-0fef-435f-9b39-a1f2a1caba7e,air.study,premium,84,41,3,,,
d3d69fb8-5b20-413b-a9d6-aeb1a16068f9,air.style,resell,84,41,3,Porkbun LLC,23/08/2025 00:07,23/08/2026 00:07
71c2a57f-91e0-4e17-a9c7-e9ffc728deae,air.sucks,premium,84,41,3,,,
e3792c66-1e2c-46d4-8236-10610e4eb0cd,air.support,resell,84,41,3,1API GmbH,26/03/2014 16:00,26/03/2026 16:00
1889e89b-a698-4b5f-9ff9-2df4a5277f21,air.surf,premium,84,41,3,,,
fdf1b945-dcb5-440b-92eb-4ce79537df2c,air.surgery,premium,84,41,3,,,
0d9db8b8-de2d-4aab-ae05-ff5eff23ce99,air.sydney,premium,84,41,3,,,
97a0e835-006a-45b4-9412-6cb01a70809c,air.tattoo,premium,84,41,3,,,
a4045531-79b4-471a-9015-2e681b07bb52,air.tax,expired,84,41,3,"GoDaddy.com, LLC",26/06/2016 20:01,26/06/2025 20:01
875eb79e-262c-49ff-9bfb-4471d14d66fd,air.team,resell,84,41,3,"Global Domains International, Inc. DBA DomainCostClub.com",08/01/2021 00:12,08/01/2026 00:12
b282496a-d221-4eab-9a97-315b047f5ce1,air.tech,expiring,84,41,3,Safenames Ltd,08/09/2022 09:38,08/09/2025 23:59
35362728-45b3-41b8-80df-834b81fd4eb3,air.technology,resell,84,41,3,Dynadot Inc,07/05/2024 15:15,07/05/2026 15:15
192d9bec-b00c-4672-8c68-fa2024ead324,air.tel,resell,84,41,3,"Global Domains International, Inc. DBA DomainCostClub.com",06/06/2012 18:30,05/06/2026 23:59
1f5540b3-002e-47a5-8551-758a083dd0f5,air.tennis,available,84,41,3,,,
26cad054-4af3-4c4a-b2f7-110294ae07b1,air.theatre,available,84,41,3,,,
63f5e305-3fa1-4ef0-847f-816421d78eb2,air.tickets,premium,84,41,3,,,
6efe6666-7458-40c6-9694-f374fdfeb37e,air.tienda,available,84,41,3,,,
ee6982cf-5cc2-4a04-9784-b7a7a7a8fb1c,air.tips,resell,84,41,3,"Sav.com, LLC - 43",10/04/2025 15:15,10/04/2026 15:15
27f5dc65-170e-451d-a101-27f046feb065,air.tires,resell,84,41,3,Domain Science Kutatási Szolgáltató Korlátolt Felelősségű Társaság,28/08/2024 17:00,28/08/2026 17:00
6edd8ad7-2a46-4a04-8f8b-ea4ad731e300,air.tools,resell,84,41,3,Dynadot Inc,26/10/2020 23:04,26/10/2025 23:04
7b5b31aa-fa44-428a-8670-2bd8a49c5455,air.tours,expiring,84,41,3,1API GmbH,25/09/2022 13:15,25/09/2025 13:15
2c1f25f5-33c8-481a-ae7c-d8e8e0e7c60b,air.trade,resell,84,41,3,Dynadot Inc,18/10/2021 08:56,18/10/2026 08:56
6980bb65-68a0-48ad-b39e-75c3416d8a0d,air.tube,premium,84,41,3,,,
cf4773b6-09e2-4f98-b81b-fe42c6dcebec,air.vacations,premium,84,41,3,,,
fe3994ec-b42a-47fb-99b4-37d90d9418a3,air.vana,premium,84,41,3,,,
7b5951f1-82f3-4a44-a4cf-ced61ead4ae3,air.vc,resell,84,41,3,"Sav.com, LLC",16/01/2015 04:41,16/01/2026 04:41
9a8b2148-4f86-47c6-81e0-dab0559dbd2e,air.ventures,resell,84,41,3,"Sav.com, LLC - 18",21/05/2024 15:15,21/05/2026 15:15
393ce07b-050a-410f-96e3-7a7302a69190,air.viajes,available,84,41,3,,,
9a812ae1-20fb-46b8-9174-42cf4f833a09,air.vin,available,84,41,3,,,
411f1fd8-887f-4a65-8a7f-5118d806fe4e,air.vision,expired,84,41,3,"Global Domains International, Inc. DBA DomainCostClub.com",02/07/2014 16:00,02/07/2025 16:00
f59bc7cf-7f4e-41e4-9ab0-ff566606754a,air.vodka,premium,84,41,3,,,
80beb3db-6ed1-4a9b-9f20-c4c699588a31,air.voting,available,84,41,3,,,
2b4e53ea-43f8-4bf2-ba3b-f81ce3d11984,air.voto,available,84,41,3,,,
067a9322-704e-47bb-9102-01723fd019d3,air.voyage,premium,84,41,3,,,
3da85105-06fc-42ff-be39-7e6d83f548d2,air.watch,resell,84,41,3,Dynadot Inc,08/10/2019 21:03,08/10/2025 21:03
b47fcae7-40ac-4219-8d5c-25684c0c6c37,air.webcam,premium,84,41,3,,,
e18e7321-58e9-4cda-888a-f4c83f00e689,air.website,premium,84,41,3,,,
0841d901-29b5-4f51-b3da-f19839aaf4ac,air.wedding,premium,84,41,3,,,
d36c44fa-0f13-4c00-bcd5-f0433a8eaee8,air.wine,resell,84,41,3,Dynadot Inc,25/02/2025 17:34,25/02/2026 17:34
3aca6260-8087-409f-bfff-dffb576b9b45,air.work,expired,84,41,3,united-domains GmbH,29/08/2015 12:20,29/08/2025 12:20
8eaa82ff-f81b-485a-bd3e-95059e780d78,air.yachts,resell,84,41,3,"Xiamen ChinaSource Internet Service Co., Ltd",04/12/2024 13:13,04/12/2025 23:59
bcfa102f-65c9-4740-bfac-a9cdc72756b4,air.yoga,resell,84,41,3,"GoDaddy.com, LLC",26/08/2020 19:17,26/08/2026 19:17
f74d5f50-ec7b-4cde-979e-a9a47e9285d0,air.zip,premium,84,41,3,,,
efcb73da-8643-4dca-957f-201598dfd065,air.zone,resell,84,41,3,"GoDaddy.com, LLC",20/08/2015 16:04,20/08/2026 16:04
bfbf4d67-c0c8-40e6-9426-266da2305800,maintenance.ai,resell,62,84,11,101domain GRS Limited,16/12/2017 02:14,15/03/2029 02:14
a45f4e25-6c2c-452d-b107-5efecf108e57,maintenance.at,sold,62,84,11,Hetzner Online GmbH ( https://nic.at/registrar/225 ),,
f317ac77-d12c-48fa-9962-590aa36e050b,maintenance.gg,available,62,84,11,,,
dea98908-c795-4d88-9fd5-0f50744fa578,maintenance.it,resell,62,84,11,,09/05/2006 00:00,09/05/2026 00:00
8c2abc7f-5a7b-4f00-bf1e-ee457777f97b,maintenance.online,premium,62,84,11,,,
7cfe01a3-c874-41ce-bced-9f1364c2386f,maintenance.site,premium,62,84,11,,,
0142a6d1-936a-4c0f-8e6f-e0669dd7e180,maintenance.so,available,62,84,11,,,
357c038e-36dd-427b-ab9e-a1c35110df10,maintenance.space,premium,62,84,11,,,
ef4601b5-069c-48bf-95fa-465baac70459,maintenance.store,premium,62,84,11,,,
9882c416-c8b7-4864-89fb-3de9023cb78d,maintenance.tech,premium,62,84,11,,,
a48251de-d485-4958-bed0-8257751dafcb,engineering.app,premium,74,84,11,,,
6374b753-d375-448a-93b4-d7f5e6ba748c,engineering.at,premium,74,84,11,,,
250b3ab7-d456-4ec5-b4aa-94b4680dd205,engineering.cloud,premium,74,84,11,,,
62958560-1594-4fa6-81ef-154847352994,engineering.gg,available,74,84,11,,,
211374e2-51ad-41de-89f0-1b4af5e477b3,engineering.ninja,premium,74,84,11,,,
fe07f378-a110-4da0-8445-a8c009d6de10,engineering.online,premium,74,84,11,,,
44831732-11da-422d-93d6-7d1c9922a3be,engineering.pro,premium,74,84,11,,,
0e994250-912a-4a44-a5c7-155ba74c868d,engineering.site,premium,74,84,11,,,
c5cd5ac7-7f3b-4dca-ab78-5289bfdd25a6,engineering.so,resell,74,84,11,NameCheap,17/06/2024 19:58,17/06/2026 19:58
63684357-5284-437d-83fa-9c59f16353cc,engineering.space,premium,74,84,11,,,
b4328462-c621-402c-8161-92e29d94a456,engineering.store,premium,74,84,11,,,
1630d56a-eae1-4f4d-8dc5-67c114f3d0fa,engineering.tech,premium,74,84,11,,,
f1a0b90e-2de8-4331-8368-40a042c100b7,engineering.us,resell,74,84,11,Sav.com LLC,09/07/2017 18:01,08/07/2026 23:59
afd0de1e-2afe-4aa6-8f93-7e10399c773e,engineering.xyz,premium,74,84,11,,,
e96e8a56-b9b6-4283-9178-30bc9d03f3f2,engineering.zone,resell,74,84,11,"Global Domains International, Inc. DBA DomainCostClub.com",07/01/2025 15:15,07/01/2026 15:15
879df29a-7d0a-4fd1-9b99-bab4540c9e43,fortification.app,available,58,76,13,,,
72d0eabe-c564-4796-b127-8d3c309610c7,fortification.at,available,58,76,13,,,
8e2760e2-c675-4ed0-a889-18c2d442f828,fortification.cloud,available,58,76,13,,,
6293ba4a-b28f-4699-8658-15cf0e42e80f,fortification.dev,available,58,76,13,,,
d1c5077a-3482-4018-a37a-9ae7a17cf352,fortification.expert,available,58,76,13,,,
b8c26508-e635-45ce-a13e-e22fa8ea222b,fortification.gg,available,58,76,13,,,
af2857a8-2a07-441b-b8b6-380021b66ba6,fortification.io,available,58,76,13,,,
c05c225e-da3b-4041-a66b-75507a502762,fortification.me,available,58,76,13,,,
1dc7ff57-5e0c-4559-b087-ae51aaca356b,fortification.ninja,available,58,76,13,,,
d20f9834-38c9-4f85-88ce-b2486d41937f,fortification.online,premium,58,76,13,,,
52e10eed-b242-4b53-841b-09fcb6006b70,fortification.pro,available,58,76,13,,,
76c5e286-c985-4b54-b96e-af8cb5bcc0c3,fortification.site,available,58,76,13,,,
1519fca6-9ba9-4b47-a629-3a20d7d60ee5,fortification.so,available,58,76,13,,,
07322318-2413-4a93-8f63-22988fe806a5,fortification.space,premium,58,76,13,,,
7cae8448-5d3c-4dde-ac07-1aedadf4a647,fortification.store,available,58,76,13,,,
3fde5347-4323-41cc-8837-f54a4cd22ba8,fortification.us,available,58,76,13,,,
81550dd0-8177-4cf6-a3ec-124175225a4a,fortification.zone,available,58,76,13,,,
3ed728e8-4f42-4c0c-bacd-811491b78ab2,forces.site,sold,51,32,6,"Registrar of Domain Names REG.RU, LLC",10/07/2024 12:03,10/07/2026 23:59
d70af8df-ccfe-4490-b37d-3b733eeabe1e,forces.so,available,51,32,6,,,
f9565ba8-f865-43b7-9e3f-2ce4fbcfec49,forces.store,premium,51,32,6,,,
abdb640b-2922-4905-bc35-f2219a65d98d,forces.tech,premium,51,32,6,,,
bb681edb-274b-473e-9bfb-0254231319cd,forces.xyz,resell,51,32,6,West263 International Limited,27/05/2019 19:29,27/05/2027 23:59
80d45044-3a48-4883-9f0b-bba5b5017707,forces.zone,available,51,32,6,,,
168f9b56-2ab5-4734-aa23-4e9deab2d016,forces.at,available,51,32,6,,,
d91109d4-0ff3-4bcb-8898-35cf30799339,forces.cloud,available,51,32,6,,,
1436f012-00d8-4a7a-983c-5c0d52ba4788,forces.com,resell,51,32,6,Porkbun LLC,16/10/1995 04:00,15/10/2026 04:00
245dc11b-7b32-4c7e-aea7-50dcdac8ae99,forces.dev,premium,51,32,6,,,
d7fc39ed-3977-4549-b92e-9f1b4cac0ffc,forces.expert,available,51,32,6,,,
7cb06269-f5b0-4426-befe-0ddafc040332,forces.gg,available,51,32,6,,,
1820b1d0-d2ef-4517-bb75-b939f00b3a38,forces.it,resell,51,32,6,,04/08/2010 23:38,27/08/2025 00:00
92d0413a-2ee9-4060-8444-67b88dac272e,forces.me,sold,51,32,6,"GoDaddy.com, LLC",18/07/2008 22:38,18/07/2026 22:38
0ab36c65-dcad-49b1-abc3-201d25dd933a,forces.ninja,available,51,32,6,,,
bd56d466-1672-490d-9eef-6ef542e0d894,forces.online,premium,51,32,6,,,
8b22bde4-c0ff-4669-b3fd-7f67cebaff33,forces.pro,resell,51,32,6,Epik LLC,15/12/2022 17:00,15/12/2025 17:00
8994556d-11ee-4132-957b-12c09096b09f,force.accountant,premium,72,21,5,,,
d8a0eff9-fe9f-48e7-be4c-d39ab82cb013,force.accountants,available,72,21,5,,,
88c007b1-c268-4f22-85ed-d1c7d6cca56e,force.actor,available,72,21,5,,,
cc04dcda-7163-436d-9b5c-e91ce31c908e,force.adult,available,72,21,5,,,
d730c303-1581-4347-9754-2cb46b32b0ef,force.ag,resell,72,21,5,Porkbun LLC,18/08/2025 11:02,18/08/2026 11:02
3e27de42-4262-4bf1-b017-7b2ae18580f2,force.ai,resell,72,21,5,Porkbun LLC,16/12/2017 02:40,15/10/2027 04:00
60003fa9-c2a1-4f48-871d-c9cb37e0980e,force.airforce,available,72,21,5,,,
7d872a9b-ef72-42af-86e7-9df1b63a48c2,force.apartments,available,72,21,5,,,
2c0c290f-716b-4746-8904-bf361993c99d,force.archi,available,72,21,5,,,
57c7a61d-6901-43ef-ad96-f87f850f3595,force.army,resell,72,21,5,Dynadot Inc,15/03/2025 05:26,15/03/2026 05:26
a1caf2be-86f4-4578-a02b-d2c9173c5798,force.associates,available,72,21,5,,,
4f0cfdae-4a27-4404-bd5b-cd4269272d7e,force.at,available,72,21,5,,,
25af66c7-9990-4b28-b396-ca204db32254,force.attorney,premium,72,21,5,,,
5b8ccb9d-592b-4c81-844a-e0d40ec37a49,force.auction,available,72,21,5,,,
83f565a7-1f99-49be-bf81-1a529af6fc33,force.audio,available,72,21,5,,,
e7faf09b-a403-4de2-b8dd-27b3efb75add,force.auto,available,72,21,5,,,
c8f572ea-f32d-4095-91c0-578b803487da,force.baby,available,72,21,5,,,
f2a60ce1-994a-4aa4-91ad-a3641f7df3f3,force.band,available,72,21,5,,,
bc98e5c0-b4e2-453e-be8a-86098ee3bdfa,force.bar,premium,72,21,5,,,
57d31d6f-56db-4917-a260-79582628e0b6,force.bargains,available,72,21,5,,,
61b2eb0d-81b3-4a1e-a0f1-4ede8e3d8398,force.bayern,available,72,21,5,,,
a7ab9af6-8a19-4e58-a886-c9d0a8acdfad,force.beauty,expiring,72,21,5,"Spaceship, Inc.",25/12/2024 17:25,25/12/2025 23:59
5282143b-e4d9-4cec-bb82-82a4526c4e73,force.berlin,available,72,21,5,,,
14d304c6-526c-433e-b009-06296f6c6721,force.bid,premium,72,21,5,,,
94fb8d9f-fb0e-48eb-b214-755cbc54a04d,force.bingo,available,72,21,5,,,
a2f1fe81-69bd-424d-9799-3fd8d8f04e02,force.bio,resell,72,21,5,"Sav.com, LLC - 36",28/05/2025 15:15,28/05/2026 15:15
70b718ef-75ed-4431-9cc2-fab43d6d4391,force.biz,premium,72,21,5,,,
35a6ea01-ff9f-4343-be9a-74010df8d4cd,force.black,sold,72,21,5,Domain Science Kutatási Szolgáltató Korlátolt Felelősségű Társaság,08/03/2025 15:15,08/03/2026 15:15
d2bcc84e-000f-4804-8b6b-1976464ced3a,force.blackfriday,available,72,21,5,,,
74df19aa-4706-4a33-9d21-b78710aeeeb7,force.blog,premium,72,21,5,,,
a675bcd8-f712-4b46-ad6f-4c010f690dee,force.blue,resell,72,21,5,"Spaceship, Inc.",11/12/2023 17:00,11/12/2026 17:00
606403d4-6e9e-4bbb-a769-12f9be539237,force.boats,available,72,21,5,,,
a640f0bf-2834-43dd-9b9f-35e5c46c55bd,force.bond,premium,72,21,5,,,
04f3ba63-5d57-4738-983c-765640df1ed7,force.boo,premium,72,21,5,,,
ed0a1737-bf97-4b83-9cb4-d3ffa89f28ed,force.boston,available,72,21,5,,,
b42996d6-8a1b-45c7-8e70-a7c7b1c19496,force.boutique,available,72,21,5,,,
90b2ddda-28e0-4d36-8393-c2c902fd24a1,force.builders,resell,72,21,5,"Sav.com, LLC",05/06/2025 15:31,05/06/2026 15:31
23fb2b11-49bf-443e-bfc2-cf5ba4ed8e4d,force.buzz,premium,72,21,5,,,
e15560fd-02c9-463f-b7e1-3debfa0e37e1,force.bz,available,72,21,5,,,
003ba08e-7e46-4edb-b3ff-5e2735808d59,force.cab,available,72,21,5,,,
09200cad-87bd-47aa-8a9c-31b32047ccb5,force.cam,premium,72,21,5,,,
16f0a996-8933-4511-98a1-6a88a23c1442,force.camera,available,72,21,5,,,
a14e31d4-7b4e-4779-a32f-2e59ff2ac54d,force.camp,available,72,21,5,,,
4b4902dd-ec84-459a-9277-3a9e6be7f033,force.car,available,72,21,5,,,
f5877364-de6c-4dbd-b482-cc50e99ce594,force.cards,available,72,21,5,,,
7eb3b8cb-5254-47ae-94be-0075c7d0a7ba,force.careers,available,72,21,5,,,
8940291a-0c09-42e8-966c-2ecc47a9da0a,force.cars,available,72,21,5,,,
655e013a-97a3-4363-9a61-3042e3514ecd,force.casa,premium,72,21,5,,,
f2d20cf8-f177-4e27-98aa-16828ebe0491,force.casino,available,72,21,5,,,
8fc3a44e-2b17-4a1c-a519-a1caba368cbe,force.catering,available,72,21,5,,,
0224f8dc-9acf-49a4-8ba9-673931230d05,force.cc,resell,72,21,5,Dynadot Inc,05/06/2018 08:00,05/06/2026 08:00
bf55700d-ff40-45b9-84af-ae5423730141,force.center,resell,72,21,5,"DNSPod, Inc.",18/05/2019 18:29,18/05/2026 18:29
c56db20b-34e3-4b07-882d-3e4247d03423,force.cfd,premium,72,21,5,,,
01af074d-6ff0-4b01-923c-b05face609cf,force.charity,available,72,21,5,,,
679c088a-8444-4c88-be70-f367bcf8c781,force.chat,sold,72,21,5,"GoDaddy.com, LLC",22/09/2015 17:12,22/09/2026 17:12
54ee2126-dc84-4ac1-ab55-dd13c7dd27d1,force.cheap,available,72,21,5,,,
45452ccc-9f83-4b2b-b0e7-11dc60759d40,force.christmas,available,72,21,5,,,
2fc7d333-95f8-43bc-8e70-1c631814d945,force.church,available,72,21,5,,,
f49a89e7-859c-46b6-b773-695669322bed,force.city,resell,72,21,5,"DNSPod, Inc.",30/07/2021 23:52,30/07/2026 23:52
c500a190-88a3-480c-856c-e82f69595e21,force.cleaning,available,72,21,5,,,
6e4066a3-0b56-4a72-87de-4c8a3ab9ca56,force.click,premium,72,21,5,,,
26998402-d4d1-49c7-9eb0-d42edd1044bd,force.clinic,available,72,21,5,,,
0bd52c4d-b65d-493e-8a25-4cd5f4ba2cad,force.clothing,available,72,21,5,,,
a0f30c1c-04ed-47a0-9d00-f8307888bc1a,force.co,resell,72,21,5,"NameCheap, Inc.",21/07/2010 21:46,20/07/2026 23:59
ddc16010-63fa-422a-83a0-9d3350292b16,force.coach,available,72,21,5,,,
649f2cfe-03e7-4535-8ce2-7a3a87204f2d,force.college,available,72,21,5,,,
52664192-a6eb-4f7c-ac5e-535692e3ee56,force.community,available,72,21,5,,,
c110637a-0a7d-4790-a24b-b027c0f885f4,force.company,resell,72,21,5,Porkbun LLC,12/11/2024 17:00,12/11/2026 17:00
38c85327-0ad1-4b84-8939-c381054ca16f,force.computer,available,72,21,5,,,
02932ef9-7245-4948-8610-1d23565ab760,force.condos,available,72,21,5,,,
268fa545-5d84-410c-811b-f615f8324976,force.construction,available,72,21,5,,,
125919b5-fe27-4a22-b8f7-167534a22c0c,force.contact,expiring,72,21,5,"GoDaddy.com, LLC",09/12/2020 16:00,09/12/2025 16:00
960054ba-afb3-48e5-8c22-8a1c30bc94d1,force.contractors,available,72,21,5,,,
b7b3e5c4-84a1-4a4a-99be-bfcf1800d77c,force.cooking,available,72,21,5,,,
f389ea4d-f0f5-4ca2-bb85-74e58f3337ed,force.country,available,72,21,5,,,
1317e29a-bb2b-4a28-b614-7a89494d6e81,force.coupons,available,72,21,5,,,
0c229b28-0781-47f5-b5db-388aebbaa824,force.courses,available,72,21,5,,,
75619e70-675f-4da7-a337-443170d47918,force.credit,available,72,21,5,,,
bbacb434-ef03-4f28-880f-2c5ed1f5e461,force.creditcard,available,72,21,5,,,
56539ed6-6cde-4825-b045-79f6ea349838,force.cricket,premium,72,21,5,,,
6f5b6053-ca72-4545-aded-534f5625ad05,force.cruises,available,72,21,5,,,
bc9998d1-3fb5-4aba-8fd3-ea1f0901a7be,force.cv,premium,72,21,5,,,
b810cc06-c7c6-4750-bd89-121e8bb5a277,force.cx,resell,72,21,5,West263 International Limited,21/08/2025 00:00,21/08/2026 16:20
0271869c-e96a-41e5-bcd3-599a3ec84820,force.cyou,premium,72,21,5,,,
96da6f8e-be59-4d28-bb20-f195425a25b1,force.dad,premium,72,21,5,,,
ca6428cb-d0e0-4049-bc65-65a6456ea409,force.dance,resell,72,21,5,"Sav.com, LLC",15/11/2021 03:15,15/11/2026 03:15
b8685bd4-0c2f-4098-aace-b3ffa7fbdec7,force.date,premium,72,21,5,,,
099151c5-bb3b-44e5-aed8-6a7a07554562,force.dating,available,72,21,5,,,
4c1f7e0c-8580-44da-96a8-19ef905fd067,force.day,premium,72,21,5,,,
dda30277-62b7-45fb-a86f-27589330c291,force.deal,available,72,21,5,,,
cac863a2-f03c-460d-b7bf-877e9596036d,force.dealer,available,72,21,5,,,
23eb8bac-99dd-434b-9259-cc683313d6ac,force.deals,available,72,21,5,,,
b564618e-7bf6-4d1e-a46b-7cd34c38ad6e,force.degree,available,72,21,5,,,
69d2e2ba-4828-4e1b-b472-9380ad3b6541,force.delivery,available,72,21,5,,,
2d1301c5-0386-4e6d-9cba-84dc6031c522,force.democrat,available,72,21,5,,,
6ddfa848-cf09-484f-b0a6-d1cc27c17240,force.dental,available,72,21,5,,,
5af0b0bb-72fa-4557-93eb-e4841af131e2,force.dentist,premium,72,21,5,,,
9e4c6158-88a9-443c-9336-78257c145c63,force.design,premium,72,21,5,,,
6b5eff48-4ec7-4d61-b302-51e12c88be9e,force.diamonds,available,72,21,5,,,
f24d832a-367c-47b5-a6ef-7c66878b299f,force.diet,available,72,21,5,,,
bf4a80ea-501f-4930-afb6-7e7fb67a4f7d,force.direct,available,72,21,5,,,
47450d48-c4c3-47ad-a446-e192ae80ada8,force.directory,available,72,21,5,,,
e4d17d43-3b4d-4971-af5c-d38e43a2aa52,force.discount,available,72,21,5,,,
c39738ec-8110-4467-bfe8-4ade4f80cf3d,force.diy,premium,72,21,5,,,
5f7e4708-d517-47ff-8c36-490f7ac70ea0,force.doctor,available,72,21,5,,,
885c9d9d-912e-4536-9498-694e0d29fae6,force.dog,available,72,21,5,,,
31207848-4236-4183-8b55-d9e5b8c8eadc,force.domains,available,72,21,5,,,
43446b5a-331c-482c-8197-b903a0d4c842,force.download,premium,72,21,5,,,
d032a206-179c-41c1-87ff-e9f964f89e09,force.education,available,72,21,5,,,
fea3d175-41ea-41d7-a312-0f56b67ca8a8,force.email,resell,72,21,5,"Xiamen ChinaSource Internet Service Co., Ltd",08/02/2021 05:53,08/02/2026 05:53
b2724d6d-be6a-4102-a094-ab5698b981fb,force.engineer,premium,72,21,5,,,
156156e3-f8cf-4e84-ae70-7a0022df2c3a,force.engineering,available,72,21,5,,,
8cab6e64-085a-4470-a8ad-11fabc4fb012,force.equipment,available,72,21,5,,,
57456400-477c-42bb-9625-2e484f65cfcb,force.esq,premium,72,21,5,,,
b565c69a-f18f-4d9a-bc64-13c5de7e88f7,force.estate,available,72,21,5,,,
3a85f6af-73e4-4b07-af8a-8b48643eafc2,force.expert,available,72,21,5,,,
2221ba6c-f4bb-4490-a0ec-b24070e13380,force.exposed,available,72,21,5,,,
b668a47b-7d3c-4432-ab78-ae2e33d4abf4,force.express,available,72,21,5,,,
a6b44a6c-504b-43ba-a176-d445c1c0282c,force.fail,available,72,21,5,,,
9995ff32-edec-47b9-9624-8ac4f0b85732,force.faith,premium,72,21,5,,,
5ccfd606-dee6-49ee-a5b3-452a4e47d804,force.family,premium,72,21,5,,,
3ffec4cf-437e-42ad-b8a5-980f4281e80f,force.fan,available,72,21,5,,,
9a11836b-df75-44b8-91b9-0c81ecfdaea2,force.fans,premium,72,21,5,,,
4ea900e2-97cf-43c7-b8df-e2d4215901db,force.farm,available,72,21,5,,,
4d90c6a3-eca3-49c7-a9a2-34b92e8f0b6d,force.fashion,available,72,21,5,,,
10e9941b-0d63-4733-ad43-6b3d6109e936,force.fast,available,72,21,5,,,
56ac728e-2992-47a2-835d-5635a74f897f,force.film,premium,72,21,5,,,
9b970913-e4de-4ef7-a672-004eb86248da,force.finance,resell,72,21,5,Dynadot Inc,31/08/2023 17:22,31/08/2026 17:22
0d13884d-419d-4abb-826d-ea33d6759747,force.financial,available,72,21,5,,,
1c76d1c5-546a-4892-bee0-554c74f9e376,force.fish,available,72,21,5,,,
96447502-ca7c-4dc9-b640-4f8887677296,force.fishing,premium,72,21,5,,,
9e3d94f2-fcb6-4a54-a690-944602e3d76f,force.fit,resell,72,21,5,"Xiamen ChinaSource Internet Service Co., Ltd",08/05/2024 00:00,08/05/2026 00:00
f5bf236c-617b-4ac5-a001-f2ea00d64c5b,force.fitness,resell,72,21,5,"Spaceship, Inc.",05/10/2023 15:15,05/10/2026 15:15
64cfd888-dd7a-4ca9-a3fb-b7635ccf3693,force.flights,available,72,21,5,,,
075cd04f-cafe-4a9d-adde-51bc57b397ef,force.florist,available,72,21,5,,,
14d3a2e8-3d2f-4454-8ac1-f60b6b7d0e11,force.flowers,available,72,21,5,,,
0d097d80-941f-4588-b015-f146b50cc3af,force.foo,premium,72,21,5,,,
475704ff-739d-407f-aa8c-6aa8da22aab6,force.food,premium,72,21,5,,,
d469437e-d0c6-4c6c-a752-283a6e9a1647,force.football,available,72,21,5,,,
613e2b67-34d8-448c-8fed-64dccf760a95,force.forsale,available,72,21,5,,,
4ba028cd-a806-4592-8c90-3cf2966bea51,force.forum,premium,72,21,5,,,
b29dd6cc-e57c-4557-81c1-e94ac062dd0a,force.free,available,72,21,5,,,
7b3fde75-e848-4aea-aa57-6b0ecdecddb0,force.fun,premium,72,21,5,,,
4b981433-6c3c-4669-bbb2-db00c0d55d12,force.fund,resell,72,21,5,"Xiamen ChinaSource Internet Service Co., Ltd",09/08/2019 21:48,09/08/2026 21:48
e7fd00bd-316a-47eb-9249-efae2d9f7d67,force.furniture,available,72,21,5,,,
f74d1145-d584-4369-8dea-61d73ed87da3,force.futbol,available,72,21,5,,,
8d9ec53c-f11f-42bb-8abf-361a7c88080b,force.gallery,available,72,21,5,,,
98ade11a-7605-45c4-b80b-34cd7980e6ac,force.game,available,72,21,5,,,
b026ed58-9f25-4829-bef2-88eb83550ae0,force.games,premium,72,21,5,,,
7c6ea4c9-029a-4acf-a61c-43524d91baa4,force.garden,available,72,21,5,,,
a29d7cb3-24fb-4dbb-9a68-2213805de114,force.gay,premium,72,21,5,,,
721bdfb4-486a-4bd1-8d63-e68531d75de5,force.gg,sold,72,21,5,Enrapture Limited (https://enrapture.gg),,
6d665f60-4a6d-49bd-abcb-3dd355095fcb,force.gift,available,72,21,5,,,
b4ea70e9-294f-49cd-aea6-ae35df78a5d3,force.gifts,available,72,21,5,,,
110d7711-dfe7-4f51-b47e-3d9e4e8f9d0e,force.gives,available,72,21,5,,,
53e3d59b-9ba4-4222-9a0e-13d63ab5e66d,force.giving,available,72,21,5,,,
d742e3bb-1d88-4aa9-856f-023f29775be5,force.glass,available,72,21,5,,,
db3203a0-4ea7-4bb8-b76f-f44344d84333,force.gmbh,available,72,21,5,,,
9c349051-3b69-42f6-964e-8992c6aedc8c,force.gold,resell,72,21,5,"Xiamen ChinaSource Internet Service Co., Ltd",14/10/2023 15:15,14/10/2026 15:15
362c299e-374f-475d-a93d-2557e613751b,force.graphics,available,72,21,5,,,
81ebd16f-b4a5-46a2-aa6b-074f835db074,force.gratis,available,72,21,5,,,
b4f2ea89-e5b5-40f3-90ac-e7cfb05f3034,force.gripe,available,72,21,5,,,
aa72f885-c1d0-4fe8-ad6b-d4bf0babdc22,force.guitars,available,72,21,5,,,
de45626e-59f9-4749-9dd5-636215f29e27,force.hair,available,72,21,5,,,
c8be386d-ba09-43cb-a01d-6e2661326c69,force.haus,available,72,21,5,,,
0ff538f2-7a44-4552-a4a5-4e52171aa5e8,force.healthcare,available,72,21,5,,,
89c938ab-1a3c-4c5d-88d3-311d23d4cae2,force.help,premium,72,21,5,,,
fab7070f-2c6e-4646-80d7-f125da007b6d,force.hiphop,available,72,21,5,,,
a492e56e-2488-447d-b35c-14fa3113e12c,force.hiv,available,72,21,5,,,
8475dba9-c7a3-497b-90d9-fac710efaa36,force.hockey,available,72,21,5,,,
f354f7f4-91eb-4ca1-814b-fc650c2e5065,force.holdings,available,72,21,5,,,
545bdbdc-05e8-40ca-900d-0164cc9e5629,force.holiday,available,72,21,5,,,
f0792d89-7829-4188-b6ee-5246d91d0fa8,force.homes,resell,72,21,5,"Spaceship, Inc.",31/01/2025 14:25,31/01/2026 23:59
89c1ecc7-20aa-4e02-b2d1-403f86b542b1,force.horse,available,72,21,5,,,
da8bb6b1-5cfc-45b5-8928-1ed904fe6a66,force.hospital,available,72,21,5,,,
b0583e54-7281-4b30-8b31-e9d82d45676b,force.host,premium,72,21,5,,,
e9035f55-b345-4975-b878-035c4cadf1fb,force.hosting,available,72,21,5,,,
a35fa9a6-4e22-485f-ada1-d952d74ae94a,force.hot,premium,72,21,5,,,
eb1a9661-85ae-4f13-a911-b3c4a3d104c0,force.house,available,72,21,5,,,
181697b8-c542-4198-bab5-2da356a8f1a5,force.how,premium,72,21,5,,,
6dd935d6-ffc3-401b-88d6-8fb9f244e065,force.icu,premium,72,21,5,,,
b505f26b-fcad-459c-843d-433504ae599a,force.id,resell,72,21,5,PT Registrasi Nama Domain,23/08/2020 00:14,23/08/2026 23:59
8907bf79-53c2-4aa7-9345-2037ba096d7a,force.im,premium,72,21,5,,,
19e01e6b-7a0d-4565-b205-56fa72ace5d4,force.immo,available,72,21,5,,,
5e4d953f-b66b-4618-b3af-abdf82606e28,force.immobilien,available,72,21,5,,,
a244d7de-81b3-438f-85f7-d778bcb35d1f,force.in,resell,72,21,5,101domain GRS Ltd.,17/02/2005 07:17,17/02/2026 07:17
14e69c5c-1fcc-4d9a-9f36-1f5a14c9b2ee,force.inc,premium,72,21,5,,,
3ae4d6bd-d6c6-4ee7-9fb4-dc9978d5fe67,force.info,resell,72,21,5,"Sea Wasp, LLC",04/10/2007 09:40,04/10/2026 09:40
76498ee9-203a-47b0-b5c8-3e1553bcb77d,force.ing,premium,72,21,5,,,
8d8fbb29-d014-4c4b-b3bf-59845788d6cc,force.insure,available,72,21,5,,,
9ee2ee57-e8e3-4134-9e2a-c50c68a69ead,force.investments,available,72,21,5,,,
21710b49-e528-4f78-9eb9-e9e09ff19fef,force.irish,available,72,21,5,,,
302898f3-b4d5-4438-9a80-dfc21579458d,force.it,resell,72,21,5,,13/08/2014 09:00,13/08/2026 00:00
4b71b26d-502c-41e3-97e3-65743542362d,force.jetzt,available,72,21,5,,,
2a610cc7-7485-44e0-8da7-d717d04c69bf,force.jewelry,available,72,21,5,,,
11384312-8756-4b39-b3ed-0a1a6fe17ef8,force.juegos,available,72,21,5,,,
d51b6f28-300b-4160-9f82-dc0f0082bbde,force.kaufen,available,72,21,5,,,
1c146f84-9b5d-4bc2-a052-d2ba0a38be42,force.kids,premium,72,21,5,,,
2f3f9b4e-67c0-4805-9b68-3e2950d887f2,force.kim,available,72,21,5,,,
2a1a4f34-c718-4e99-b208-e0873de82639,force.kitchen,available,72,21,5,,,
46e0f0a6-a929-4a5d-af91-f29bcf1d8a6e,force.la,resell,72,21,5,LA Domain Names,04/08/2017 08:02,04/08/2026 23:59
94704b57-357a-4cf9-9f05-64079e805be9,force.land,sold,72,21,5,Tucows Domains Inc.,23/09/2023 21:14,23/09/2026 21:14
12746030-5b5d-4945-b071-3af8c01ed558,force.lat,available,72,21,5,,,
2e05f34d-c70a-4a50-9316-3849d42bf7ad,force.law,available,72,21,5,,,
0fb6818a-04d2-49c7-a66b-f4a9882cfb81,force.lawyer,premium,72,21,5,,,
90149e19-fd0b-4bd6-8158-fac4904a96d7,force.lease,available,72,21,5,,,
7910c495-3b07-47e2-9304-37019d07e052,force.legal,available,72,21,5,,,
bb91e524-21d7-4cce-bc62-a3f000bb37de,force.lgbt,available,72,21,5,,,
1c57f669-8dc5-45d6-a356-b2ab19427e07,force.lifestyle,premium,72,21,5,,,
97bc104f-4588-4419-ac26-b42ee2fc56ae,force.limited,available,72,21,5,,,
950c31b9-ace2-4bb0-9a47-f6db4ce07b81,force.limo,available,72,21,5,,,
3eda1d25-f79c-4df5-bc25-ae2e52965fb7,force.link,available,72,21,5,,,
573eab14-8803-4cc8-b087-65a85cc25e8f,force.living,premium,72,21,5,,,
3607de81-543d-4132-9d76-be4b8dcefc24,force.llc,premium,72,21,5,,,
e70209f9-fa44-42c1-a1e6-aadc2fbbba1c,force.loan,premium,72,21,5,,,
894f0393-2226-472c-a35f-c5be7d8ea291,force.loans,available,72,21,5,,,
779060aa-98d9-4525-ab67-c8669a3f1ba6,force.locker,premium,72,21,5,,,
dbb273a0-0f6f-4516-9b5b-7e3c2c3df5ea,force.love,premium,72,21,5,,,
a555ba7a-da07-4199-8d9c-f019f7213fc0,force.ltda,available,72,21,5,,,
83233dd1-a0bb-4348-8350-ae8ba190afe9,force.luxury,available,72,21,5,,,
a9580c2c-1850-41ec-8f5f-8bc506e9854b,force.maison,available,72,21,5,,,
81f65b9c-741b-4d44-8593-4be55c81e80d,force.makeup,available,72,21,5,,,
c1a46421-c1e4-49c6-bf81-c7f5c9003fdf,force.management,available,72,21,5,,,
89302712-1aa2-4914-8554-1495e7a352bb,force.market,premium,72,21,5,,,
d017aa5b-45e3-45a0-b967-63d485de765c,force.marketing,resell,72,21,5,"Sav.com, LLC - 37",24/06/2025 15:16,24/06/2026 15:16
f600f980-2b46-4616-b414-9e7a6cfa27ff,force.mba,available,72,21,5,,,
75b334cd-027c-47da-9b74-cd8b1cad527d,force.me,premium,72,21,5,,,
0a4a868a-b64d-4fd1-bf3e-4ff94fbbf55d,force.media,sold,72,21,5,Dynadot Inc,30/09/2019 12:53,30/09/2026 12:53
7ae00676-87fe-491f-83c0-0acd0c0f6743,force.melbourne,available,72,21,5,,,
8d54c754-0900-4cc7-ae78-e020c5e4f553,force.meme,premium,72,21,5,,,
9f109459-1e7f-4fb8-90db-35ec15ea74f8,force.memorial,available,72,21,5,,,
7dd12349-c549-4dbd-9371-444569cb78cd,force.men,premium,72,21,5,,,
b38fd41f-a61a-4aaa-bf7a-606944c859a4,force.menu,premium,72,21,5,,,
a4ab80ef-2bd4-4737-949a-cde4712139f3,force.miami,premium,72,21,5,,,
8139109b-139b-462f-87f9-8c3bcfd3d6e4,force.mobi,resell,72,21,5,Porkbun LLC,16/08/2020 14:30,16/08/2026 14:30
ec4fe966-9fe7-45c4-ba67-dab6f95cf527,force.moda,available,72,21,5,,,
608a4eea-778d-43c7-ac69-4dac319b6554,force.mom,sold,72,21,5,"Spaceship, Inc.",16/11/2025 18:41,16/11/2026 23:59
12d32b45-48ca-43e0-a529-0a0e6700d6c9,force.monster,expired,72,21,5,"Spaceship, Inc.",18/10/2024 13:09,18/10/2025 23:59
b54e5cdd-b938-45e6-9569-8b4f915a2fd6,force.mortgage,available,72,21,5,,,
29104437-091d-45d9-b5a0-6b4d78d58984,force.motorcycles,available,72,21,5,,,
80643938-1500-4da4-b6a0-d4016f5f1962,force.mov,premium,72,21,5,,,
62bdb4ca-2ad6-442d-b7a7-e5b69e2cff6c,force.movie,available,72,21,5,,,
893ff04a-ebc0-4c8c-ba9c-daefef034821,force.music,premium,72,21,5,,,
93af1033-419a-46a5-9ad7-d4418e6df818,force.mx,sold,72,21,5,Dynadot Inc,23/09/2020 00:00,23/09/2026 00:00
32ee775e-b072-48b1-b0ed-271f7613ec90,force.my,premium,72,21,5,,,
1c9eb552-1082-4fd8-80ae-4ce72552e7de,force.name,premium,72,21,5,,,
d0596519-0998-4659-86d8-e3b94651345c,force.navy,premium,72,21,5,,,
2cc860d0-d57f-4422-983b-6df876ab7db0,force.network,resell,72,21,5,Porkbun LLC,19/07/2019 10:41,19/07/2027 10:41
edcbc841-4863-4bc0-8ff4-d9246dc9c4cd,force.nexus,premium,72,21,5,,,
dedd707a-a0d5-441b-99ac-ee27390b0571,force.ngo,available,72,21,5,,,
ec54be79-d82e-410a-b4c5-5178dd0d6682,force.nyc,premium,72,21,5,,,
b092f518-68d5-4118-8c91-ec5e6d495e73,force.observer,premium,72,21,5,,,
19336956-e1ff-4b31-aa18-4de03d338d30,force.ong,available,72,21,5,,,
5c977c1e-8e1f-4eb2-925f-8322148eb9a6,force.onl,sold,72,21,5,Dynadot Inc,26/03/2025 08:21,26/03/2026 08:21
3f119b89-ab13-4cb6-89e2-fd03b734e001,force.online,premium,72,21,5,,,
37b4e7b5-610d-4d38-90eb-bc3ddcc5918c,force.ooo,available,72,21,5,,,
1ec6f0c7-aa94-4b09-b026-36ab3adc311c,force.organic,expiring,72,21,5,One.com A/S,12/12/2024 14:05,12/12/2025 14:05
a951a1cc-0656-4ae2-9ab7-b719c031ff5e,force.osaka,available,72,21,5,,,
6028a1d0-3243-4da8-98c1-4c729e6b1e82,force.page,premium,72,21,5,,,
d4f2008d-987b-483a-a57e-117903d4b807,force.partners,available,72,21,5,,,
7475aa81-22b2-4931-86e4-5431f7c049f9,force.party,premium,72,21,5,,,
660e8fe5-c88a-4749-9898-b5e55fa50bb7,force.pet,available,72,21,5,,,
b89d3ed9-7e8a-4ba2-b43c-aa7f87d9c15f,force.phd,premium,72,21,5,,,
eb57add6-53ec-4604-bcd0-f7f603fe864c,force.pics,available,72,21,5,,,
7e09cc6d-df32-4d0f-a7ed-0662c613a604,force.pink,available,72,21,5,,,
8e55e8b8-c26e-42f1-be34-48c5685d39e1,force.pizza,available,72,21,5,,,
d82ac8d0-6f29-4bac-96df-02700115b190,force.place,premium,72,21,5,,,
d6189bc8-2bf3-4c0e-8466-06ebb4003be6,force.plumbing,available,72,21,5,,,
a61d9ce4-cfbf-4125-af1d-75d6edcda5a6,force.plus,expiring,72,21,5,"Chengdu West Dimension Digital Technology Co., Ltd.",27/12/2018 22:16,27/12/2025 22:16
7d28a2e5-6ca5-4ce0-91c9-76bb82a23620,force.poker,available,72,21,5,,,
45a6273f-6e0e-4f67-9175-3f9d9bdfc47a,force.press,premium,72,21,5,,,
f9ab0a70-c040-4a28-a47d-7501590d3ce9,force.pro,sold,72,21,5,"EnCirca, Inc.",23/07/2008 00:00,08/09/2026 00:00
34e406ba-44ad-4ebf-997c-0bea5d335e67,force.productions,available,72,21,5,,,
caf4e8fc-90fe-40b6-9e20-22fb2a3c6b7d,force.prof,premium,72,21,5,,,
2dcd1485-24e7-4293-92e9-d8b1a1730eea,force.promo,available,72,21,5,,,
2b967288-47dd-45c6-a153-1ed7b240c711,force.properties,available,72,21,5,,,
1fe90d49-e973-4197-b37a-ad22ebaecd86,force.property,premium,72,21,5,,,
4545bc33-1aed-46e4-be10-ba7fc73fd30d,force.protection,available,72,21,5,,,
bc56a003-194e-4392-bfa6-6743bbab642c,force.pw,premium,72,21,5,,,
0694603f-b391-41ce-acbe-c7de7312c575,force.qpon,available,72,21,5,,,
c2a21101-d2fd-4206-8d0c-58178f5ffff5,force.racing,premium,72,21,5,,,
29807b21-8d37-42a4-982b-e8d47c48f66a,force.realty,available,72,21,5,,,
3a64b710-fe1c-4219-a867-488c87763979,force.recipes,available,72,21,5,,,
3f1e4d92-f43f-4043-a7fe-0af65b54469f,force.rehab,available,72,21,5,,,
ecfd29c2-95fd-4ce1-9899-1c34f99c7c5d,force.reise,available,72,21,5,,,
9b66bf20-8eef-4577-a9ad-0e0479e1381a,force.reisen,available,72,21,5,,,
9f6b7d28-4913-4b98-8ff8-781190d9ef3e,force.rent,available,72,21,5,,,
fd8bd7ea-d219-429c-b1e5-b3d7cae90e35,force.rentals,premium,72,21,5,,,
5977bf08-fc1a-4071-a5cb-18efb4562c4e,force.repair,available,72,21,5,,,
c7122e59-3028-4497-9e2a-6e1dd513f8e3,force.report,available,72,21,5,,,
8c455e73-d64a-41e8-bc49-d9b6c8bc068b,force.republican,available,72,21,5,,,
9512e020-0c32-4b45-b79d-5fcfdb975c60,force.rest,available,72,21,5,,,
0f18bfce-3fb3-49c6-8d3e-34802de35ccd,force.restaurant,available,72,21,5,,,
9f5a8973-4352-4f06-9fcc-a3af90b339b3,force.review,premium,72,21,5,,,
f63468f6-9d30-4768-8f67-ba87359c5140,force.reviews,available,72,21,5,,,
2535ab57-3a2d-4f87-9e59-673655eab6d3,force.rich,available,72,21,5,,,
6dd41460-49f8-44a6-a7cb-494707ccb3ec,force.rip,available,72,21,5,,,
03d1863d-c005-4487-82dc-a5a6febfd3b5,force.rodeo,available,72,21,5,,,
12a4c64b-62b7-4bb2-b1d1-aadedcba9b3b,force.rsvp,available,72,21,5,,,
ba39e4e0-616f-49ed-87bb-5d8fc8a4a357,force.run,resell,72,21,5,"Sav.com, LLC - 30",10/01/2025 15:15,10/01/2026 15:15
837461f8-05c9-42bc-ba2e-dfc3862f3508,force.sale,premium,72,21,5,,,
febc764b-0422-497a-9850-2862f2cc6138,force.salon,available,72,21,5,,,
b03041a5-c369-4a8b-a5bf-ac798dcf33ad,force.sarl,available,72,21,5,,,
ca72fd2e-452a-4e7d-aa64-beb33eaae341,force.sbs,premium,72,21,5,,,
0f342c8a-e699-403e-ac5b-ef81779a8cbe,force.schule,available,72,21,5,,,
6295b72b-10f4-4c11-b463-ec89f89271d0,force.science,premium,72,21,5,,,
25d65053-a960-461c-8314-a90ff5a036b7,force.security,available,72,21,5,,,
32d9bf46-8b07-4155-a728-6e50299bdeb3,force.services,sold,72,21,5,Squarespace Domains II LLC,25/09/2018 09:23,25/09/2026 09:23
4dc08a3f-05d0-4d29-8587-baef7287b233,force.sexy,premium,72,21,5,,,
a325281e-fb02-4099-a1cf-251dd1de6987,force.shiksha,available,72,21,5,,,
33e6dddc-a2a9-46fa-8d85-196ccba51968,force.shoes,available,72,21,5,,,
7bce740d-1ac5-477f-9159-7b068be323d1,force.shopping,available,72,21,5,,,
0fcd8e66-d404-4e16-be40-2b11d339a0f1,force.show,available,72,21,5,,,
f2fcb3c6-ed1d-40f9-aae7-116407f604e0,force.singles,available,72,21,5,,,
76a94566-e761-4661-ac4e-c9a004689977,force.site,premium,72,21,5,,,
103c3012-9d6a-4764-888e-9445b86ede1c,force.ski,premium,72,21,5,,,
d2358813-1935-42ae-88ed-c6c204e4ef9d,force.skin,available,72,21,5,,,
526483e6-2250-4c2a-8606-44be602c06dd,force.soccer,available,72,21,5,,,
1f905557-9290-4ea8-89b2-08e91913581a,force.solutions,expired,72,21,5,Domain Science Kutatási Szolgáltató Korlátolt Felelősségű Társaság,13/07/2024 17:00,13/07/2025 17:00
5b51701d-038b-4dc8-8bae-3e6eac38893b,force.soy,premium,72,21,5,,,
3fda2976-fd65-4814-b40d-dc6bd4a098ec,force.space,premium,72,21,5,,,
a162a7cd-a594-4512-95e2-242f7d8659b5,force.spot,premium,72,21,5,,,
55139b0a-2aee-4b75-a0e4-d0d347c471bb,force.srl,available,72,21,5,,,
67ec4d1d-54a1-43b8-96e4-0a2999fe454c,force.storage,available,72,21,5,,,
dc8f034d-f049-42b6-8c4c-a4b3abfe85dd,force.store,premium,72,21,5,,,
093299ae-3ae6-400c-8301-b901a69fe85d,force.studio,resell,72,21,5,"Xiamen ChinaSource Internet Service Co., Ltd",14/10/2025 15:15,14/10/2026 15:15
db49964d-8475-4914-a327-9af27305578a,force.style,available,72,21,5,,,
a1a494e7-e960-4eb7-89a1-eddb4a1582f2,force.sucks,available,72,21,5,,,
c7ffa36d-65e1-4b26-88b9-51f291c5a60b,force.supplies,available,72,21,5,,,
9ef1d358-4681-4fb9-bf67-ec4d45ccb578,force.supply,available,72,21,5,,,
9363dd92-1b90-4259-b7a4-96a136c888ed,force.support,available,72,21,5,,,
b447a850-78ae-4cee-8de5-87f97b9f3c71,force.surf,available,72,21,5,,,
de59c83d-5b1b-4c43-b861-a1ca2183b01b,force.surgery,available,72,21,5,,,
e0540a05-21a4-42ba-9716-9c71dd244627,force.sydney,available,72,21,5,,,
794b51e3-5c10-409f-a6a8-c8739cb56ec2,force.systems,resell,72,21,5,Dynadot Inc,04/03/2025 17:00,04/03/2026 17:00
0e0992b0-83a7-49fa-ae06-5a73336c4d7a,force.talk,available,72,21,5,,,
79154d9e-7c9c-41ec-adef-0c1b8077f4d1,force.tattoo,available,72,21,5,,,
4b9df4a5-71c6-489b-b2cd-60d6011110f7,force.tax,available,72,21,5,,,
43552407-ce15-4d63-97ac-4a8947a92535,force.taxi,available,72,21,5,,,
31b66ac5-4d78-4962-8837-ac1ee75b956a,force.team,resell,72,21,5,Alibaba Cloud Computing Ltd. d/b/a HiChina (www.net.cn),15/08/2018 08:53,15/08/2026 08:53
83840254-bfa9-4486-b7f8-ebf8439d7989,force.tech,sold,72,21,5,"Go Daddy, LLC",23/07/2018 01:27,23/07/2026 23:59
368cacdc-08aa-4e8e-b2b1-b8dcfdf5309f,force.technology,resell,72,21,5,"Sav.com, LLC",26/04/2017 19:48,26/04/2026 19:48
d70775d6-03b5-4abe-b79c-76f3688fe100,force.tel,available,72,21,5,,,
76d33688-a3db-48c9-8e70-dd5b2ff201e9,force.tennis,available,72,21,5,,,
728e66b1-7ecd-4f76-9b4d-0854ad145e2b,force.theater,available,72,21,5,,,
5b5031c8-6d53-4fb5-9395-9633429d829c,force.theatre,available,72,21,5,,,
99285429-4eb4-49a0-872e-cf35b2164fbc,force.tickets,available,72,21,5,,,
90b95b4f-4b30-40fc-b5eb-d23a4f288ab2,force.tienda,available,72,21,5,,,
06f43665-470d-4b7b-bbeb-eca288eff18a,force.tips,available,72,21,5,,,
c495662c-994d-49ba-ad4f-d7546eed9044,force.tires,available,72,21,5,,,
8ee767a2-e8e6-42af-b0a6-bafdf330245e,force.today,premium,72,21,5,,,
349ab6fc-cfce-4231-9db2-70a2d85a3cec,force.top,premium,72,21,5,,,
de9dd96f-4c7e-4db5-9217-ec2d89bd7da3,force.tours,available,72,21,5,,,
2a0a8e66-3e9f-4e47-b5a4-f2e2cee2e4f3,force.town,available,72,21,5,,,
eff88ade-f406-4903-9776-bd35effbdaa1,force.toys,available,72,21,5,,,
4e3e76e8-fdc0-43b3-99d4-71236cd6f4fa,force.training,premium,72,21,5,,,
f41859c6-fcfd-4274-b763-72379f1653ae,force.tube,premium,72,21,5,,,
26d9d70d-c176-49d1-8935-7ffaf367c348,force.university,available,72,21,5,,,
cd05760c-c95f-4e02-9da9-ed80c524650b,force.uno,premium,72,21,5,,,
bae1996b-d339-49f7-a98b-a9c20984e3e4,force.vacations,available,72,21,5,,,
cf0d0324-be7f-4a91-af2a-13b83868d6dc,force.vana,available,72,21,5,,,
6e5761ad-f6c4-490f-a1d3-16e98e1726ad,force.viajes,available,72,21,5,,,
4c191cf1-9355-4a23-9128-10d950d8a794,force.video,premium,72,21,5,,,
224920f3-87fa-42ec-ae89-e21b65db21c8,force.villas,available,72,21,5,,,
69793e42-ee07-4cd4-86b8-79482ba0a23b,force.vin,available,72,21,5,,,
6524c7ee-f212-43ac-9670-a766e9008be8,force.vip,premium,72,21,5,,,
b54092e8-dd4e-4578-bd2b-1f418787fce5,force.vision,resell,72,21,5,Porkbun LLC,12/11/2020 10:57,12/11/2026 10:57
ccc43350-2019-4dfa-a997-bb3a632da445,force.vodka,premium,72,21,5,,,
9e91a06a-a7f8-4c72-b1f9-06768a0d978a,force.voting,available,72,21,5,,,
27f57ad5-13e0-407a-86df-6935221912a1,force.voto,available,72,21,5,,,
723602d6-c3f4-443c-91ec-10da2cbdc971,force.voyage,available,72,21,5,,,
5e33931f-8276-4826-ad75-94d2cfb4de6d,force.webcam,premium,72,21,5,,,
6337b185-ae42-4b91-bf45-5f802113854b,force.website,premium,72,21,5,,,
9e849964-ee71-4ba4-abab-6ca1c5ebeb6c,force.wedding,available,72,21,5,,,
c4fadce6-3f77-4a8d-9d57-645c8656bdf1,force.win,expired,72,21,5,"NameCheap, Inc.",08/10/2024 10:51,08/10/2025 10:51
19ca6af2-231f-40f3-bd2f-b73d088dc85f,force.wine,available,72,21,5,,,
aeff367b-5393-4786-bcc7-48a34453b205,force.work,resell,72,21,5,West263 International Limited,11/07/2016 14:19,11/07/2026 14:19
c748029f-8b6b-4710-a557-c711c4828f31,force.works,resell,72,21,5,"Sav.com, LLC",16/10/2019 12:20,16/10/2026 12:20
1a01eca9-1d96-4ae0-85a2-cb7260204d59,force.world,resell,72,21,5,"Chengdu West Dimension Digital Technology Co., Ltd.",14/02/2018 19:40,14/02/2026 19:40
f6adc210-c4f8-4fa8-bef5-c3d9a2f0968a,force.wtf,resell,72,21,5,"Sav.com, LLC - 26",06/11/2025 15:15,06/11/2026 15:15
a48c0342-28a4-4a73-82f8-c6a76fea7c3e,force.xyz,resell,72,21,5,"Go Daddy, LLC",02/06/2014 17:09,02/06/2027 23:59